Entry,PDB_ID,InChIKey,MoA,CHAIN_ID,LIGAND_ID,RESSEQ,heavy_atom_count,SMILES
Q5NUL3,8G59,LPGBXHWIQNZEJB-UHFFFAOYSA-N,agonist,R,YN9,401,27,Cc1ccc(cc1)c2ccc(cc2COc3ccc(cc3)CCC(=O)O)F
Q5NUL3,8H4K,DGENZVKCTGIDRZ-UHFFFAOYSA-N,agonist,R,WPT,401,26,c1ccc(cc1)Oc2cccc(c2)CNc3ccc(cc3)CCC(=O)O
Q5NUL3,8ID8,LPGBXHWIQNZEJB-UHFFFAOYSA-N,agonist,R,YN9,401,27,Cc1ccc(cc1)c2ccc(cc2COc3ccc(cc3)CCC(=O)O)F
Q5NUL3,8IYS,LPGBXHWIQNZEJB-UHFFFAOYSA-N,agonist,R,YN9,401,27,Cc1ccc(cc1)c2ccc(cc2COc3ccc(cc3)CCC(=O)O)F
Q5NUL3,8T3O,LPGBXHWIQNZEJB-UHFFFAOYSA-N,agonist,R,YN9,401,27,Cc1ccc(cc1)c2ccc(cc2COc3ccc(cc3)CCC(=O)O)F
P49019,8IHJ,DFDGRKNOFOJBAJ-UHFFFAOYSA-N,agonist,R,P9X,501,16,CC1(C(=O)C=C(O1)C(=O)O)c2ccccc2
P49019,8IHK,DFDGRKNOFOJBAJ-UHFFFAOYSA-N,agonist,R,P9X,501,16,CC1(C(=O)C=C(O1)C(=O)O)c2ccccc2
O14843,8J20,GGTYQECCGLBHGS-UHFFFAOYSA-N,agonist,D,9T4,401,28,CC1=C(C(C2=C(N1)CCCC2=O)c3ccco3)C(=O)Nc4cc(ccc4Cl)Cl
O14843,8J20,NQPDZGIKBAWPEJ-UHFFFAOYSA-N,agonist,D,LEA,402,7,CCCCC(=O)O
Q9UPC5,8IYX,GRMOWKNKIVEDRP-UHFFFAOYSA-N,antagonist,C,S6R,401,42,c1ccc(cc1)COc2ccc(cc2)CC(=O)NC3(CCN(CC3)C(=O)c4ccc(cc4)c5cccc(c5)Cl)C(=O)O
P28566,7E33,WKNFADCGOAHBPG-UHFFFAOYSA-N,agonist,R,HVU,501,17,CN1CCC(CC1)c2c[nH]c3c2cc(cc3)O
Q96LB1,7VDH,DXEVTBAWIGXNAW-UHFFFAOYSA-N,agonist,R,6IB,402,38,CNCCc1ccc(c(c1)Cc2cc(cc(c2OC)Cc3cc(ccc3OC)CCNC)CCNC)OC
Q96LB1,7VV5,DXEVTBAWIGXNAW-UHFFFAOYSA-N,agonist,R,6IB,402,38,CNCCc1ccc(c(c1)Cc2cc(cc(c2OC)Cc3cc(ccc3OC)CCNC)CCNC)OC
Q96LB1,7VV6,DXEVTBAWIGXNAW-UHFFFAOYSA-N,agonist,R,6IB,402,38,CNCCc1ccc(c(c1)Cc2cc(cc(c2OC)Cc3cc(ccc3OC)CCNC)CCNC)OC
P07550,3NY8,VFIDUCMKNJIJTO-UHFFFAOYSA-N,antagonist,A,JRZ,1203,20,Cc1ccc(c2c1CCC2)OCC(C(C)NC(C)C)O
P07550,3NYA,PAZJSJFMUHDSTF-UHFFFAOYSA-N,antagonist,A,JTZ,1203,18,CC(C)NCC(COc1ccccc1CC=C)O
P07550,3P0G,NWQXBEWHTDRJIP-UHFFFAOYSA-N,agonist,A,P0G,366,27,Cc1ccccc1CC(C)(C)NCC(c2ccc(c3c2OCC(=O)N3)O)O
P07550,3SN6,NWQXBEWHTDRJIP-UHFFFAOYSA-N,agonist,R,P0G,1601,27,Cc1ccccc1CC(C)(C)NCC(c2ccc(c3c2OCC(=O)N3)O)O
P07550,4LDE,NWQXBEWHTDRJIP-UHFFFAOYSA-N,agonist,A,P0G,1401,27,Cc1ccccc1CC(C)(C)NCC(c2ccc(c3c2OCC(=O)N3)O)O
P07550,6E67,NWQXBEWHTDRJIP-UHFFFAOYSA-N,agonist,A,P0G,3101,27,Cc1ccccc1CC(C)(C)NCC(c2ccc(c3c2OCC(=O)N3)O)O
P07550,6E67,NWQXBEWHTDRJIP-UHFFFAOYSA-N,agonist,B,P0G,3101,27,Cc1ccccc1CC(C)(C)NCC(c2ccc(c3c2OCC(=O)N3)O)O
P07550,6MXT,GIIZNNXWQWCKIB-UHFFFAOYSA-N,agonist,A,K5Y,1401,30,c1ccc(cc1)CCCCOCCCCCCNCC(c2ccc(c(c2)CO)O)O
P07550,6N48,NWQXBEWHTDRJIP-UHFFFAOYSA-N,agonist,A,P0G,1401,27,Cc1ccccc1CC(C)(C)NCC(c2ccc(c3c2OCC(=O)N3)O)O
P07550,6NI3,NWQXBEWHTDRJIP-UHFFFAOYSA-N,agonist,R,P0G,1601,27,Cc1ccccc1CC(C)(C)NCC(c2ccc(c3c2OCC(=O)N3)O)O
P07550,6PRZ,PAZJSJFMUHDSTF-UHFFFAOYSA-N,antagonist,A,JTZ,1201,18,CC(C)NCC(COc1ccccc1CC=C)O
P07550,6PS2,PAZJSJFMUHDSTF-UHFFFAOYSA-N,antagonist,A,JTZ,1201,18,CC(C)NCC(COc1ccccc1CC=C)O
P07550,6PS3,OGHNVEJMJSYVRP-UHFFFAOYSA-N,antagonist,A,CVD,1201,30,COc1ccccc1OCCNCC(COc2cccc3c2c4ccccc4[nH]3)O
P07550,6PS4,VFIDUCMKNJIJTO-UHFFFAOYSA-N,antagonist,A,JRZ,1201,20,Cc1ccc(c2c1CCC2)OCC(C(C)NC(C)C)O
P07550,6PS5,AQHHHDLHHXJYJD-UHFFFAOYSA-N,antagonist,A,SNP,1201,19,CC(C)NCC(COc1cccc2c1cccc2)O
P07550,7BZ2,BPZSYCZIITTYBL-UHFFFAOYSA-N,agonist,R,H98,401,25,CC(Cc1ccc(cc1)OC)NCC(c2ccc(c(c2)NC=O)O)O
P07550,7DHI,NDAUXUAQIAJITI-UHFFFAOYSA-N,agonist,R,68H,401,17,CC(C)(C)NCC(c1ccc(c(c1)CO)O)O
P07550,7DHR,JWZZKOKVBUJMES-UHFFFAOYSA-N,agonist,R,5FW,601,15,CC(C)NCC(c1ccc(c(c1)O)O)O
P07550,8JJ8,BPZSYCZIITTYBL-UHFFFAOYSA-N,agonist,F,H98,501,25,CC(Cc1ccc(cc1)OC)NCC(c2ccc(c(c2)NC=O)O)O
P07550,8JJL,COUYJEVMBVSIHV-UHFFFAOYSA-N,agonist,A,DZQ,501,28,CC(C)(Cc1ccc(cc1)OC)NCC(c2cc(cc3c2OCC(=O)N3)O)O
P07550,8JJO,PAZJSJFMUHDSTF-UHFFFAOYSA-N,antagonist,F,JTZ,501,18,CC(C)NCC(COc1ccccc1CC=C)O
P30874,7YAC,GHILNKWBALQPDP-UHFFFAOYSA-N,agonist,E,IUD,401,34,c1cc(c(c(c1)c2ccc3c(c2)c(c(cn3)c4cc(cc(c4)F)F)N5CCC(CC5)N)O)C#N
Q9NQS5,8J19,JCINCSYDDSRQQC-UHFFFAOYSA-N,agonist,R,SWO,401,17,CCCCCCCCCc1cc(cc(n1)O)O
P35408,5YWY,MTDIMKNAJUQTIO-UHFFFAOYSA-N,antagonist,A,7UR,501,30,CC(c1ccc(c2c1cccc2)F)C(=O)Nc3cc(ccc3CCCC(=O)O)C#N
P50406,7XTB,QZAYGJVTTNCVMB-UHFFFAOYSA-N,agonist,R,SRO,501,13,c1cc2c(cc1O)c(c[nH]2)CCN
P50406,7YS6,QZAYGJVTTNCVMB-UHFFFAOYSA-N,agonist,A,SRO,401,13,c1cc2c(cc1O)c(c[nH]2)CCN
P50406,8JLZ,KSYMELKKLOFABL-UHFFFAOYSA-N,agonist,R,UQL,501,16,Cc1c(c2cc(ccc2[nH]1)Cl)CCN(C)C
P41146,5DHH,OHRDCQFCAWLDBP-UHFFFAOYSA-N,agonist,A,DGW,1206,28,Cc1cccc2c1CCC(CC2O)CN3CCC(CC3)c4c(cccc4Cl)Cl
P41146,5DHH,OHRDCQFCAWLDBP-UHFFFAOYSA-N,agonist,B,DGW,1503,28,Cc1cccc2c1CCC(CC2O)CN3CCC(CC3)c4c(cccc4Cl)Cl
Q96LB2,8DWH,BWEJNHRMGZUMNU-UHFFFAOYSA-N,agonist,R,U2U,401,31,Cc1ccc(c(c1)Oc2ccc3c(c2)ccnc3N)NS(=O)(=O)c4ccccc4OC
Q96LB2,8HJ5,BWEJNHRMGZUMNU-UHFFFAOYSA-N,agonist,F,U2U,501,31,Cc1ccc(c(c1)Oc2ccc3c(c2)ccnc3N)NS(=O)(=O)c4ccccc4OC
Q9UNW8,8HVI,ZXQOBDSXROLOQK-UHFFFAOYSA-N,agonist,R,NFI,401,26,Cc1c2cc(ccc2oc1C(=O)O)NC(=O)CCC(=O)c3ccccc3
Q99500,7EW2,LRFKWQGGENFBFO-UHFFFAOYSA-N,agonist,R,J89,401,26,CCCCCCCCc1ccc(cc1)CCC(CO)(COP(=O)(O)O)N
P08913,7EJA,CUHVIMMYOGQXCV-UHFFFAOYSA-N,antagonist,R,CZX,501,15,Cc1cccc(c1C)C(C)c2c[nH]cn2
P08913,7EJK,WYWIFABBXFUGLM-UHFFFAOYSA-N,agonist,R,J5C,501,19,Cc1cc(c(c(c1CC2=NCCN2)C)O)C(C)(C)C
P30542,5N2S,CIBIXJYFYPFMTN-UHFFFAOYSA-N,antagonist,A,8K8,2001,28,CCCCN1C(=O)c2c(nc([nH]2)C34CC5CC(C3)CC4C5)N(C1=O)CCCO
P30542,5UEN,KAJVJPLKXGLLDA-UHFFFAOYSA-N,antagonist,A,DU1,1201,36,CCCN1C(=O)c2c(nc([nH]2)C3CCCCC3)N(C1=O)CCCNC(=O)c4ccc(cc4)S(=O)(=O)F
P30542,5UEN,KAJVJPLKXGLLDA-UHFFFAOYSA-N,antagonist,B,DU1,1201,36,CCCN1C(=O)c2c(nc([nH]2)C3CCCCC3)N(C1=O)CCCNC(=O)c4ccc(cc4)S(=O)(=O)F
P11229,6OIJ,WXXOCGISBCTWPW-UHFFFAOYSA-N,agonist,R,IXO,501,14,C[N+](C)(C)CC#CCOC1=NOCC1
P11229,6ZFZ,PHMGZAICAOYEAF-UHFFFAOYSA-N,agonist,A,QJT,1201,24,CCCCC1CCN(CC1)CCCN2c3ccccc3CCC2=O
P14416,6CM4,RAPZEAPATHNIPO-UHFFFAOYSA-N,antagonist,A,8NU,2001,30,CC1=C(C(=O)N2CCCCC2=N1)CCN3CCC(CC3)c4c5ccc(cc5on4)F
P14416,6LUQ,LNEPOXFFQSENCJ-UHFFFAOYSA-N,antagonist,A,GMJ,1201,26,c1cc(ccc1C(=O)CCCN2CCC(CC2)(c3ccc(cc3)Cl)O)F
P14416,7DFP,DKGZKTPJOSAWFA-UHFFFAOYSA-N,antagonist,A,SIP,1201,29,c1ccc(cc1)N2CNC(=O)C23CCN(CC3)CCCC(=O)c4ccc(cc4)F
P14416,8IRS,KFQYTPMOWPVWEJ-UHFFFAOYSA-N,agonist,R,R5F,501,22,CCCN(CCc1cccs1)C2CCc3c(cccc3O)C2
Q8TDV5,7WCM,NFTMKHWBOINJGM-UHFFFAOYSA-N,agonist,R,8VP,401,32,CCc1cnc(nc1)N2CCC(CC2)c3nc(cs3)COc4ccc(cc4)n5cnnn5
Q8TDV5,7WCN,DGBKNTVAKIFYNU-UHFFFAOYSA-N,agonist,R,8WL,401,35,CC(C)c1nc(on1)C2CCN(CC2)c3c(c(ncn3)Nc4ccc(cc4F)S(=O)(=O)C)[N+](=O)[O-]
Q8TDV5,7XZ6,XTRUQJBVQBUKSQ-UHFFFAOYSA-N,agonist,R,I7J,401,33,CC(C)OC(=O)N1CCC(CC1)Oc2c3cnn(c3ncn2)c4ccc(cc4F)S(=O)(=O)C
Q8TDV5,8ZRK,AYJRTVVIBJSSKN-UHFFFAOYSA-N,agonist,R,A1D8Y,401,32,CC(C)c1nc(on1)N2CCC(CC2)COc3ccc(nc3)c4ccc(cc4)S(=O)(=O)C
P21453,7EO2,LRFKWQGGENFBFO-UHFFFAOYSA-N,agonist,A,J89,401,26,CCCCCCCCc1ccc(cc1)CCC(CO)(COP(=O)(O)O)N
P21453,7EW7,OYMNPJXKQVTQTR-UHFFFAOYSA-N,agonist,D,JEX,401,30,c1ccc(cc1)c2cc(sc2C(F)(F)F)c3nc(no3)c4cccc(c4)C(F)(F)F
P21453,7VIF,LRFKWQGGENFBFO-UHFFFAOYSA-N,agonist,F,J89,401,26,CCCCCCCCc1ccc(cc1)CCC(CO)(COP(=O)(O)O)N
P21453,7VIG,YBIFMTGYWXNIRZ-UHFFFAOYSA-N,agonist,F,7I4,401,30,CC(C)Cc1ccc(cc1)c2nc(no2)c3ccc(c(c3)F)CN4CC(C4)C(=O)O
P21453,7VIH,YBIFMTGYWXNIRZ-UHFFFAOYSA-N,agonist,F,7I4,401,30,CC(C)Cc1ccc(cc1)c2nc(no2)c3ccc(c(c3)F)CN4CC(C4)C(=O)O
P25105,5ZKP,VVBFISAUNSXQGZ-UHFFFAOYSA-N,antagonist,A,9ER,1201,33,CC(C)c1cc(c(c(c1)C(C)C)c2csc(n2)N(CCN(C)C)Cc3cccnc3)C(C)C
Q9Y271,6RZ4,NBQKINXMPLXUET-UHFFFAOYSA-N,antagonist,A,KNT,2001,36,c1ccc(cc1)CCCCOc2ccc(cc2)C(=O)Nc3cccc4c3OC(=CC4=O)c5[nH]nnn5
Q9Y271,6RZ5,YEEZWCHGZNKEEK-UHFFFAOYSA-N,antagonist,A,ZLK,2001,41,Cc1ccccc1S(=O)(=O)NC(=O)c2ccc(c(c2)OC)Cc3cn(c4c3cc(cc4)NC(=O)OC5CCCC5)C
Q9Y271,6RZ5,YEEZWCHGZNKEEK-UHFFFAOYSA-N,antagonist,B,ZLK,"2001,2019",41,Cc1ccccc1S(=O)(=O)NC(=O)c2ccc(c(c2)OC)Cc3cn(c4c3cc(cc4)NC(=O)OC5CCCC5)C
P29274,3REY,FIQGIOAELHTLHM-UHFFFAOYSA-N,antagonist,A,XAC,999,31,CCCN1c2c([nH]c(n2)c3ccc(cc3)OCC(=O)NCCN)C(=O)N(C1=O)CCC
P29274,3UZA,SORFNYWLKDSNNF-UHFFFAOYSA-N,antagonist,A,T4G,330,21,Cc1cc(cc(n1)C)c2c(nc(nn2)N)c3ccccc3
P29274,3UZC,ZHUZHTHIEMXLRA-UHFFFAOYSA-N,antagonist,A,T4E,330,21,c1ccc(cc1)c2c(nnc(n2)N)c3ccc(c(c3)Cl)O
P29274,5OLH,HQSBCDPYXDGTCL-UHFFFAOYSA-N,antagonist,A,9XT,1201,24,Cc1cc(ccc1N)Cn2c3c(c(nc(n3)N)c4ccco4)nn2
P29274,5OLO,XNBRWUQWSKXMPW-UHFFFAOYSA-N,antagonist,A,9XW,1201,28,CC1(CCN(CC1)C(=O)Nc2nc3c(ccc(c3s2)N4CCOCC4)OC)O
P29274,5OLZ,ZHUZHTHIEMXLRA-UHFFFAOYSA-N,antagonist,A,T4E,1201,21,c1ccc(cc1)c2c(nnc(n2)N)c3ccc(c(c3)Cl)O
P29274,5OM1,ZHUZHTHIEMXLRA-UHFFFAOYSA-N,antagonist,A,T4E,1201,21,c1ccc(cc1)c2c(nnc(n2)N)c3ccc(c(c3)Cl)O
P29274,5OM4,ZHUZHTHIEMXLRA-UHFFFAOYSA-N,antagonist,A,T4E,1201,21,c1ccc(cc1)c2c(nnc(n2)N)c3ccc(c(c3)Cl)O
P29274,6GT3,NCWQLHHDGDXIJN-UHFFFAOYSA-N,antagonist,A,F9Q,2401,22,Cc1cc(cc(n1)Cl)c2c(nc(nn2)N)c3ccc(cc3)F
P29274,6ZDR,FVMKJEVPLWCLMC-UHFFFAOYSA-N,antagonist,A,QGE,1201,24,CCCc1cc2c(cc1OC(=O)C)OC=C(C2=O)c3nc(cs3)C
P29274,8C9W,BUXIAWLTBSXYSW-UHFFFAOYSA-N,antagonist,A,U30,1201,32,Cc1c(cccc1c2cc(nc(n2)N)c3cn(nn3)Cc4cccc(n4)C(C)(C)O)C#N
P29274,8CIC,BUXIAWLTBSXYSW-UHFFFAOYSA-N,antagonist,A,U30,1202,32,Cc1c(cccc1c2cc(nc(n2)N)c3cn(nn3)Cc4cccc(n4)C(C)(C)O)C#N
P29274,8DU3,XDIROSBRBKJBMH-UHFFFAOYSA-N,antagonist,A,TKO,3001,17,c1cc(oc1)c2c3cc(ccc3nc(n2)N)Br
P29274,8JWZ,BUXIAWLTBSXYSW-UHFFFAOYSA-N,antagonist,A,U30,520,32,Cc1c(cccc1c2cc(nc(n2)N)c3cn(nn3)Cc4cccc(n4)C(C)(C)O)C#N
Q9Y5N1,7F61,SXMBKHYDZOCBMT-UHFFFAOYSA-N,antagonist,A,1IB,501,23,CCNC(=O)C1CC(C1)(c2ccc(c(c2)F)CN3CCCC3)F
Q9Y5N1,8YUU,NTYJJOPFIAHURM-UHFFFAOYSA-N,agonist,R,HSM,501,8,c1c(nc[nH]1)CCN
Q9Y5N1,8YUV,MCNGUYXRBCIGOV-UHFFFAOYSA-N,agonist,R,A1LY4,501,12,c1c([nH]cn1)CC2CCNCC2
Q9H3N8,7YFC,NTYJJOPFIAHURM-UHFFFAOYSA-N,agonist,R,HSM,601,8,c1c(nc[nH]1)CCN
Q9H3N8,7YFD,PEHSVUKQDJULKE-UHFFFAOYSA-N,agonist,R,ITF,601,11,c1c([nH]cn1)CCSC(=N)N
Q9H3N8,8HN8,NTYJJOPFIAHURM-UHFFFAOYSA-N,agonist,R,HSM,401,8,c1c(nc[nH]1)CCN
Q9H3N8,8HOC,PEHSVUKQDJULKE-UHFFFAOYSA-N,agonist,R,ITF,401,11,c1c([nH]cn1)CCSC(=N)N
Q9H3N8,8JXT,NTYJJOPFIAHURM-UHFFFAOYSA-N,agonist,R,HSM,401,8,c1c(nc[nH]1)CCN
Q9H3N8,8JXV,QZUDBNBUXVUHMW-UHFFFAOYSA-N,antagonist,R,VBU,401,23,CN1CCN(CC1)C2=Nc3cc(ccc3Nc4c2cccc4)Cl
Q9H3N8,8JXW,FSRSEANZUZHDHK-UHFFFAOYSA-N,antagonist,R,VCF,401,23,CN1CCN(CC1)C2=Nc3ccc(cc3Oc4c2cccc4)Cl
Q9H3N8,8JXX,UCAIEVHKDLMIFL-UHFFFAOYSA-N,agonist,R,VCL,401,20,c1cc(ccc1CN=C(N)SCCCc2c[nH]cn2)Cl
P08173,7TRS,OIPILFWXSMYKGL-UHFFFAOYSA-N,agonist,R,ACH,501,10,CC(=O)OCC[N+](C)(C)C
P08173,8FX5,JOLJIIDDOBNFHW-UHFFFAOYSA-N,agonist,R,XNO,"501,502",19,CCCCCCOc1c(nsn1)C2=CCCN(C2)C
P16473,7XW5,JRVXFGNCHKHBPA-UHFFFAOYSA-N,agonist,R,HOI,805,39,CC(=O)Nc1ccc(cc1)OCc2cc(ccc2OC)C3Nc4cccc(c4C(=O)N3Cc5ccccc5)O
P16473,7XW6,JRVXFGNCHKHBPA-UHFFFAOYSA-N,agonist,R,HOI,827,39,CC(=O)Nc1ccc(cc1)OCc2cc(ccc2OC)C3Nc4cccc(c4C(=O)N3Cc5ccccc5)O
P51686,5LWE,JRWROCIMSDXGOZ-UHFFFAOYSA-N,antagonist,A,79K,401,30,CC(C)(C)c1ccc(cc1)S(=O)(=O)Nc2ccc(cc2C(=O)c3cc[n+](cc3)[O-])Cl
P51686,5LWE,JRWROCIMSDXGOZ-UHFFFAOYSA-N,antagonist,B,79K,401,30,CC(C)(C)c1ccc(cc1)S(=O)(=O)Nc2ccc(cc2C(=O)c3cc[n+](cc3)[O-])Cl
P35372,8EF5,PJMPHNIQZUBGLI-UHFFFAOYSA-N,agonist,M,7V7,501,25,CCC(=O)N(c1ccccc1)C2CCN(CC2)CCc3ccccc3
P35372,8EF5,PJMPHNIQZUBGLI-UHFFFAOYSA-N,agonist,R,7V7,501,25,CCC(=O)N(c1ccccc1)C2CCN(CC2)CCc3ccccc3
P30556,4ZUD,VTRAEEWXHOVJFV-UHFFFAOYSA-N,antagonist,A,OLM,1201,33,CCCc1nc(c(n1Cc2ccc(cc2)c3ccccc3c4[nH]nnn4)C(=O)O)C(C)(C)O
P08908,7E2Y,QZAYGJVTTNCVMB-UHFFFAOYSA-N,agonist,R,SRO,501,13,c1cc2c(cc1O)c(c[nH]2)CCN
P08908,8FY8,ZSTKHSQDNIGFLM-UHFFFAOYSA-N,agonist,R,YFW,501,16,CN(C)CCc1c[nH]c2c1cc(cc2)OC
P08908,8FYL,SGEGOXDYSFKCPT-UHFFFAOYSA-N,agonist,R,YG7,502,33,c1cc2c(cc1C#N)c(c[nH]2)CCCCN3CCN(CC3)c4ccc5c(c4)cc(o5)C(=O)N
P08908,8FYX,QWCRAEMEVRGPNT-UHFFFAOYSA-N,agonist,R,YLX,501,28,c1cnc(nc1)N2CCN(CC2)CCCCN3C(=O)CC4(CCCC4)CC3=O
P08908,8PKM,PKZXLMVXBZICTF-UHFFFAOYSA-N,agonist,R,ZKV,503,27,Cc1ccc(nc1)CNCC2(CCN(CC2)C(=O)c3ccc(c(c3)Cl)F)F
P21728,7CKW,TVURRHSHRRELCG-UHFFFAOYSA-N,agonist,R,G3C,501,21,c1cc(ccc1C2CNCCc3c2cc(c(c3Cl)O)O)O
P21728,7CKY,ZXIPVZWZRQCIRW-UHFFFAOYSA-N,agonist,R,G3U,502,28,Cc1cc(ccc1C2=C(C(=O)NC(=O)N2C)C)Oc3c(cccn3)OC(F)F
P21728,7JOZ,CKMFOKUQUOYIOR-UHFFFAOYSA-N,agonist,R,VFP,1201,27,Cc1cc(ccc1C2=C(C(=O)NC(=O)N2C)C)Oc3c4ccoc4ccn3
P21728,7JV5,GHWJEDJMOVUXEC-UHFFFAOYSA-N,agonist,R,SK0,501,20,c1ccc(cc1)C2CNCCc3c2cc(c(c3Cl)O)O
P21728,7LJC,GHWJEDJMOVUXEC-UHFFFAOYSA-N,agonist,R,SK0,501,20,c1ccc(cc1)C2CNCCc3c2cc(c(c3Cl)O)O
P21728,7X2C,TVURRHSHRRELCG-UHFFFAOYSA-N,agonist,F,G3C,"502,503",21,c1cc(ccc1C2CNCCc3c2cc(c(c3Cl)O)O)O
P08588,7BU7,NWQXBEWHTDRJIP-UHFFFAOYSA-N,agonist,A,P0G,1413,27,Cc1ccccc1CC(C)(C)NCC(c2ccc(c3c2OCC(=O)N3)O)O
P08588,7BVQ,BQXQGZPYHWWCEB-UHFFFAOYSA-N,agonist,A,CAU,1402,22,CC(C)NCC(COc1cccc2c1c3ccccc3[nH]2)O
P08588,7BVQ,BQXQGZPYHWWCEB-UHFFFAOYSA-N,agonist,B,CAU,1401,22,CC(C)NCC(COc1cccc2c1c3ccccc3[nH]2)O
P08172,4MQS,WXXOCGISBCTWPW-UHFFFAOYSA-N,agonist,A,IXO,501,14,C[N+](C)(C)CC#CCOC1=NOCC1
P08172,4MQT,WXXOCGISBCTWPW-UHFFFAOYSA-N,agonist,A,IXO,501,14,C[N+](C)(C)CC#CCOC1=NOCC1
P08172,5ZKB,MZDYABXXPZNUCT-UHFFFAOYSA-N,antagonist,A,82F,1201,35,CCCN(CCC)CC1CCCCN1CCNC(=O)N2c3ccccc3C(=O)Nc4c2nccc4
P08172,6OIK,WXXOCGISBCTWPW-UHFFFAOYSA-N,agonist,R,IXO,501,14,C[N+](C)(C)CC#CCOC1=NOCC1
P08172,7T8X,OIPILFWXSMYKGL-UHFFFAOYSA-N,agonist,A,ACH,501,10,CC(=O)OCC[N+](C)(C)C
P08172,7T90,OIPILFWXSMYKGL-UHFFFAOYSA-N,agonist,A,ACH,501,10,CC(=O)OCC[N+](C)(C)C
P08172,7T94,OIPILFWXSMYKGL-UHFFFAOYSA-N,agonist,A,ACH,501,10,CC(=O)OCC[N+](C)(C)C
P08172,7T96,OIPILFWXSMYKGL-UHFFFAOYSA-N,agonist,A,ACH,501,10,CC(=O)OCC[N+](C)(C)C
Q8TDU6,7CFM,BXJNYBTXBRHAEU-UHFFFAOYSA-N,agonist,R,FWX,401,29,CCNc1nc2c(c(n1)C(=O)N)CN(CC2)C(=O)CCc3ccc(cc3)C(C)C
Q8TDU6,7XTQ,AUSHPRSBIDTALC-UHFFFAOYSA-N,agonist,R,H8I,401,27,c1ccc2c(c1)CCCN2C(=O)c3cccnc3Oc4cc(ccc4Cl)Cl
P47898,7UM5,WKZLNEWVIAGNAW-UHFFFAOYSA-N,agonist,A,8K3,401,15,c1cc2c(cc1C(=O)N)c(c[nH]2)CCN
P47898,7X5H,WKZLNEWVIAGNAW-UHFFFAOYSA-N,agonist,R,8K3,601,15,c1cc2c(cc1C(=O)N)c(c[nH]2)CCN
O14842,4PHU,BZCALJIHZVNMGJ-UHFFFAOYSA-N,agonist,A,2YB,2401,37,Cc1cc(cc(c1c2cccc(c2)COc3ccc4c(c3)OCC4CC(=O)O)C)OCCCS(=O)(=O)C
O14842,8EJC,BZCALJIHZVNMGJ-UHFFFAOYSA-N,agonist,R,2YB,401,37,Cc1cc(cc(c1c2cccc(c2)COc3ccc4c(c3)OCC4CC(=O)O)C)OCCCS(=O)(=O)C
O14842,8EJK,BZCALJIHZVNMGJ-UHFFFAOYSA-N,agonist,R,2YB,401,37,Cc1cc(cc(c1c2cccc(c2)COc3ccc4c(c3)OCC4CC(=O)O)C)OCCCS(=O)(=O)C
O43614,5WQC,KJPHTXTWFHVJIG-UHFFFAOYSA-N,antagonist,A,7MA,2001,32,CCN(Cc1cccnc1)C(=O)CN(c2ccc(nc2)OC)S(=O)(=O)c3ccccc3C
O43614,5WS3,KJPHTXTWFHVJIG-UHFFFAOYSA-N,antagonist,A,7MA,2001,32,CCN(Cc1cccnc1)C(=O)CN(c2ccc(nc2)OC)S(=O)(=O)c3ccccc3C
O43614,6TPG,KJPHTXTWFHVJIG-UHFFFAOYSA-N,antagonist,A,7MA,1201,32,CCN(Cc1cccnc1)C(=O)CN(c2ccc(nc2)OC)S(=O)(=O)c3ccccc3C
O43614,6TPN,SUQZCEUKWPKXEE-UHFFFAOYSA-N,antagonist,A,NU8,1201,33,COc1cc(cnc1OC)N2C(=O)N(c3c(cccn3)S2(=O)=O)Cc4c(cc(cc4F)F)F
O43614,7L1V,AMTAVIZAVFJXIJ-UHFFFAOYSA-N,agonist,R,XGD,401,45,CN(C)C(=O)c1cccc(c1)c2ccc(c(c2)S(=O)(=O)Nc3cccc(c3)CCNC(=O)c4ccccc4n5nccn5)OC
P18089,6K41,CUHVIMMYOGQXCV-UHFFFAOYSA-N,antagonist,R,CZX,501,15,Cc1cccc(c1C)C(C)c2c[nH]cn2
Q9HC97,8H8J,RVGLGHVJXCETIO-UHFFFAOYSA-N,agonist,C,WYB,401,21,c1c(cc(c(c1NC(=O)C(=O)O)Cl)NC(=O)C(=O)O)C#N
P48039,6ME4,FJDDSMSDZHURBJ-UHFFFAOYSA-N,agonist,A,ML2,1201,18,CC(=O)NCCc1c2cc(ccc2[nH]c1I)OC
P48039,7VGY,FJDDSMSDZHURBJ-UHFFFAOYSA-N,agonist,A,ML2,402,18,CC(=O)NCCc1c2cc(ccc2[nH]c1I)OC
P25090,7T6S,PAEBEUZTAPIOIO-UHFFFAOYSA-N,agonist,R,FUI,401,27,CC(C)C1=C(C(=O)N(N1C)c2ccccc2)NC(=O)Nc3ccc(cc3)Cl
Q9Y2T5,6LI0,VJMRKWPMFQGIPI-UHFFFAOYSA-N,agonist,A,EN6,1401,34,Cc1c(c(n(n1)c2cccc3c2sc(c3)Cc4cccc(c4)C(F)(F)F)CO)C(=O)NCCO
Q9Y2T5,8HMP,VJMRKWPMFQGIPI-UHFFFAOYSA-N,agonist,R,EN6,401,34,Cc1c(c(n(n1)c2cccc3c2sc(c3)Cc4cccc(c4)C(F)(F)F)CO)C(=O)NCCO
P24530,5X93,MTNFANNLCUMCNB-UHFFFAOYSA-N,antagonist,A,K87,1201,49,Cc1cccc(c1NC(=O)CCOc2c(c(nc(n2)c3ncccn3)NS(=O)(=O)c4ccc(cc4)C(C)(C)C)Oc5ccccc5OC)C
P24530,5XPR,GJPICJJJRGTNOD-UHFFFAOYSA-N,antagonist,A,K86,1201,39,CC(C)(C)c1ccc(cc1)S(=O)(=O)Nc2c(c(nc(n2)c3ncccn3)OCCO)Oc4ccccc4OC
Q9H244,4NTJ,NEMHKCNXXRQYRF-UHFFFAOYSA-N,antagonist,A,AZJ,1201,33,CCOC(=O)c1cc(c(nc1C)N2CCC(CC2)C(=O)NS(=O)(=O)Cc3ccccc3)C#N
P35367,3RZE,ODQWQRRAPPTVAG-UHFFFAOYSA-N,antagonist,A,"5EH,D7V","1200,1201",21,CN(C)CCC=C1c2ccccc2COc3c1cccc3
P28335,6BQH,JUQLTPCYUFPYKE-UHFFFAOYSA-N,antagonist,A,E2J,1201,34,CC1=C(C(=O)N2C=CSC2=N1)CCN3CCC(=C(c4ccc(cc4)F)c5ccc(cc5)F)CC3
P28335,8DPF,XTTZERNUQAFMOF-UHFFFAOYSA-N,agonist,A,T4U,501,13,CC1CNCCc2c1cc(cc2)Cl
P28335,8DPG,SPCIYGNTAMCTRO-UHFFFAOYSA-N,agonist,A,91Q,501,15,CN(C)CCc1c[nH]c2c1c(ccc2)O
P28335,8DPH,XTTZERNUQAFMOF-UHFFFAOYSA-N,agonist,A,T4U,501,13,CC1CNCCc2c1cc(cc2)Cl
P28335,8DPI,XTTZERNUQAFMOF-UHFFFAOYSA-N,agonist,A,T4U,501,13,CC1CNCCc2c1cc(cc2)Cl
P41145,8DZR,HJUAKZYKCANOOZ-UHFFFAOYSA-N,agonist,A,U9I,401,27,COC(=O)N1CCN(C(C1)CN2CCCC2)C(=O)Cc3ccc(c(c3)Cl)Cl
P41145,8DZS,HJUAKZYKCANOOZ-UHFFFAOYSA-N,agonist,A,U9I,501,27,COC(=O)N1CCN(C(C1)CN2CCCC2)C(=O)Cc3ccc(c(c3)Cl)Cl
P32238,7F8U,ILNRQFBVVQUOLP-UHFFFAOYSA-N,antagonist,A,1OE,1501,28,c1ccc2c(c1)cc(n2CC(=O)O)C(=O)Nc3nc(cs3)c4ccccc4Cl
P32238,7F8Y,NFHRQQKPEBFUJK-UHFFFAOYSA-N,antagonist,A,1OZ,1501,31,CN1c2ccccc2C(=NC(C1=O)NC(=O)c3cc4ccccc4[nH]3)c5ccccc5
P32238,7XOV,NFDFTMICKVDYLQ-UHFFFAOYSA-N,agonist,R,IA1,501,42,Cc1cc(c2c(c1)cc(n2CC(=O)O)C(=O)Nc3nc(c(s3)CCC4CCCCC4)c5cc(c(cc5OC)Cl)OC)C
P21917,5WIU,KRVOJOCLBAAKSJ-UHFFFAOYSA-N,antagonist,A,AQD,1201,27,CC1C(CCN1Cc2ccccc2)NC(=O)c3cc(c(cc3OC)NC)Cl
P21917,5WIV,KRVOJOCLBAAKSJ-UHFFFAOYSA-N,antagonist,A,AQD,1201,27,CC1C(CCN1Cc2ccccc2)NC(=O)c3cc(c(cc3OC)NC)Cl
P25103,6HLP,WAXQNWCZJDTGBU-UHFFFAOYSA-N,antagonist,A,GAW,1501,41,Cc1ccccc1c2cc(ncc2N(C)C(=O)C(C)(C)c3cc(cc(c3)C(F)(F)F)C(F)(F)F)N4CCN(CC4)C
P50052,5UNF,KDPHUUTUDFDLBT-UHFFFAOYSA-N,antagonist,A,8ES,1501,46,CCC1=Nc2ccc(cc2C(=O)N1Cc3ccc(cc3)c4ccccc4c5n[nH]nn5)N(Cc6ccccc6)C(=O)c7cccs7
P50052,5UNF,KDPHUUTUDFDLBT-UHFFFAOYSA-N,antagonist,B,8ES,1201,46,CCC1=Nc2ccc(cc2C(=O)N1Cc3ccc(cc3)c4ccccc4c5n[nH]nn5)N(Cc6ccccc6)C(=O)c7cccs7
P50052,5UNG,KDPHUUTUDFDLBT-UHFFFAOYSA-N,antagonist,B,8ES,1201,46,CCC1=Nc2ccc(cc2C(=O)N1Cc3ccc(cc3)c4ccccc4c5n[nH]nn5)N(Cc6ccccc6)C(=O)c7cccs7
P50052,5UNH,SYDVEZUPFQXMSM-UHFFFAOYSA-N,antagonist,A,8EM,1501,47,CCCC1=Nc2ccc(cc2C(=O)N1Cc3ccc(cc3)c4ccccc4c5n[nH]nn5)N(Cc6ccco6)C(=O)c7ccccc7
P50052,5UNH,SYDVEZUPFQXMSM-UHFFFAOYSA-N,antagonist,B,8EM,1501,47,CCCC1=Nc2ccc(cc2C(=O)N1Cc3ccc(cc3)c4ccccc4c5n[nH]nn5)N(Cc6ccco6)C(=O)c7ccccc7
P34969,7XTC,WKZLNEWVIAGNAW-UHFFFAOYSA-N,agonist,R,8K3,501,15,c1cc2c(cc1C(=O)N)c(c[nH]2)CCN
P43116,7CX3,MFFBXYNKZHTCEY-UHFFFAOYSA-N,agonist,R,GNO,401,34,c1cc(cc(c1)OCC(=O)O)CN(Cc2ccc(cc2)n3cccn3)S(=O)(=O)c4cccnc4
P43116,7CX4,WOHRHWDYFNWPNG-UHFFFAOYSA-N,agonist,R,GM9,401,33,CC(C)(C)c1ccc(cc1)CN(Cc2cccc(c2)OCC(=O)O)S(=O)(=O)c3cccnc3
Q9BXA5,8JPP,KDYFGRWQOYBRFD-UHFFFAOYSA-N,agonist,R,SIN,501,8,C(CC(=O)O)C(=O)O
Q9BXA5,8YKW,KDYFGRWQOYBRFD-UHFFFAOYSA-N,agonist,R,SIN,401,8,C(CC(=O)O)C(=O)O
Q13639,7XT8,QZAYGJVTTNCVMB-UHFFFAOYSA-N,agonist,R,SRO,408,13,c1cc2c(cc1O)c(c[nH]2)CCN
Q13639,7XT9,QZAYGJVTTNCVMB-UHFFFAOYSA-N,agonist,R,SRO,407,13,c1cc2c(cc1O)c(c[nH]2)CCN
Q13639,7XTA,QZAYGJVTTNCVMB-UHFFFAOYSA-N,agonist,R,SRO,401,13,c1cc2c(cc1O)c(c[nH]2)CCN
P35348,7YM8,WYWIFABBXFUGLM-UHFFFAOYSA-N,agonist,A,J5C,501,19,Cc1cc(c(c(c1CC2=NCCN2)C)O)C(C)(C)C
P35348,8THL,UCTWMZQNUQWSLP-UHFFFAOYSA-N,agonist,R,ALE,401,13,CNCC(c1ccc(c(c1)O)O)O
P29275,7XY6,ZTYHZMAZUWOXNC-UHFFFAOYSA-N,agonist,R,I5D,501,27,c1cc(ccc1c2c(c(nc(c2C#N)SCC(=O)N)N)C#N)OCC3CC3
P29275,8HDO,ZTYHZMAZUWOXNC-UHFFFAOYSA-N,agonist,R,I5D,408,27,c1cc(ccc1c2c(c(nc(c2C#N)SCC(=O)N)N)C#N)OCC3CC3
P30939,7EXD,XEDHVZKDSYZQBF-UHFFFAOYSA-N,agonist,R,05X,501,27,CN1CCC(CC1)C(=O)c2cccc(n2)NC(=O)c3c(cc(cc3F)F)F
P25021,8YUT,LHVRFUVVRXGZPV-UHFFFAOYSA-N,agonist,R,A1D67,401,10,Cc1c(sc(n1)N)CCN
P49286,6ME6,OFCLARYYBGKCHN-UHFFFAOYSA-N,agonist,A,JEY,2201,23,CC(=O)NCCc1c2cc(ccc2[nH]c1c3ccccc3)OC
P49286,6ME6,OFCLARYYBGKCHN-UHFFFAOYSA-N,agonist,B,JEY,2201,23,CC(=O)NCCc1c2cc(ccc2[nH]c1c3ccccc3)OC
P49286,6ME7,OFCLARYYBGKCHN-UHFFFAOYSA-N,agonist,A,JEY,2201,23,CC(=O)NCCc1c2cc(ccc2[nH]c1c3ccccc3)OC
P49286,6ME7,OFCLARYYBGKCHN-UHFFFAOYSA-N,agonist,B,JEY,2201,23,CC(=O)NCCc1c2cc(ccc2[nH]c1c3ccccc3)OC
P49286,6ME8,OFCLARYYBGKCHN-UHFFFAOYSA-N,agonist,A,JEY,2201,23,CC(=O)NCCc1c2cc(ccc2[nH]c1c3ccccc3)OC
P49286,6ME8,OFCLARYYBGKCHN-UHFFFAOYSA-N,agonist,B,JEY,2201,23,CC(=O)NCCc1c2cc(ccc2[nH]c1c3ccccc3)OC
Q96RJ0,8JLN,XIINYOJWNGOUPF-UHFFFAOYSA-N,agonist,R,UJF,401,18,c1cc(ccc1O)Oc2ccc(cc2I)CCN
Q96RJ0,8JLO,ABDDQTDRAHXHOC-UHFFFAOYSA-N,agonist,R,UJL,401,12,CNCC1c2c(ccs2)CCO1
Q96RJ0,8JSO,KWTSXDURSIMDCE-UHFFFAOYSA-N,agonist,R,1WE,401,10,CC(Cc1ccccc1)N
Q96RJ0,8W88,ABDDQTDRAHXHOC-UHFFFAOYSA-N,agonist,R,UJL,404,12,CNCC1c2c(ccs2)CCO1
Q96RJ0,8WC8,ZSZCXAOQVBEPME-UHFFFAOYSA-N,agonist,R,VMT,401,10,c1cc(ccc1CCN)Br
O43613,6TQ9,JTARFZSNUAGHRB-UHFFFAOYSA-N,antagonist,A,NVN,"401,402",26,Cc1cc(c2cc(cc(c2n1)F)F)NC(=O)Nc3ccc(cc3)N(C)C
O43613,6TQ9,JTARFZSNUAGHRB-UHFFFAOYSA-N,antagonist,B,NVN,401,26,Cc1cc(c2cc(cc(c2n1)F)F)NC(=O)Nc3ccc(cc3)N(C)C
P28221,7E32,QZAYGJVTTNCVMB-UHFFFAOYSA-N,agonist,R,SRO,401,13,c1cc2c(cc1O)c(c[nH]2)CCN
Q8TDS4,7XK2,CJHXBFSJXDUJHP-UHFFFAOYSA-N,agonist,R,FI7,401,28,CC(C)(Cc1nc(no1)c2ccc(cn2)O)C(=O)NC3=C(CCCC3)C(=O)O
Q8TDS4,8IHF,CJHXBFSJXDUJHP-UHFFFAOYSA-N,agonist,R,FI7,602,28,CC(C)(Cc1nc(no1)c2ccc(cn2)O)C(=O)NC3=C(CCCC3)C(=O)O
Q8TDS4,8IHH,ZJTXSGLJNBAMJS-UHFFFAOYSA-N,agonist,R,P8A,602,12,CCCCc1cc(n[nH]1)C(=O)O
Q8TDS4,8IHI,DFDGRKNOFOJBAJ-UHFFFAOYSA-N,agonist,R,P9X,602,16,CC1(C(=O)C=C(O1)C(=O)O)c2ccccc2
Q8TDS4,8IJD,CJHXBFSJXDUJHP-UHFFFAOYSA-N,agonist,A,FI7,401,28,CC(C)(Cc1nc(no1)c2ccc(cn2)O)C(=O)NC3=C(CCCC3)C(=O)O
Q8TDS4,8J6I,CJHXBFSJXDUJHP-UHFFFAOYSA-N,agonist,R,FI7,401,28,CC(C)(Cc1nc(no1)c2ccc(cn2)O)C(=O)NC3=C(CCCC3)C(=O)O
Q8TDS4,8J6P,DJSWNINDPRRCLC-UHFFFAOYSA-N,agonist,R,IX8,401,32,Cc1c(cnc2n1ncc2c3ccc(cc3)C(C)C)C(=O)NC(C)COc4ccccc4
Q8TDS4,8J6Q,DJSWNINDPRRCLC-UHFFFAOYSA-N,agonist,R,IX8,401,32,Cc1c(cnc2n1ncc2c3ccc(cc3)C(C)C)C(=O)NC(C)COc4ccccc4
Q8TDS4,8J6R,CJHXBFSJXDUJHP-UHFFFAOYSA-N,agonist,R,FI7,401,28,CC(C)(Cc1nc(no1)c2ccc(cn2)O)C(=O)NC3=C(CCCC3)C(=O)O
Q8TDS4,8JHY,DJSWNINDPRRCLC-UHFFFAOYSA-N,agonist,A,IX8,401,32,Cc1c(cnc2n1ncc2c3ccc(cc3)C(C)C)C(=O)NC(C)COc4ccccc4
Q8TDS4,8JII,DJSWNINDPRRCLC-UHFFFAOYSA-N,agonist,A,IX8,403,32,Cc1c(cnc2n1ncc2c3ccc(cc3)C(C)C)C(=O)NC(C)COc4ccccc4
Q8TDS4,8JZ7,CJHXBFSJXDUJHP-UHFFFAOYSA-N,agonist,A,FI7,401,28,CC(C)(Cc1nc(no1)c2ccc(cn2)O)C(=O)NC3=C(CCCC3)C(=O)O
P43119,8X79,OJQMKCBWYCWFPU-UHFFFAOYSA-N,agonist,R,Y9Q,401,31,CC(C)N(CCCCOCC(=O)O)c1cnc(c(n1)c2ccccc2)c3ccccc3
P34972,5ZTY,FMJXYCCDMAGPLE-UHFFFAOYSA-N,antagonist,A,9JU,1201,31,Cc1c(n(nc1C(=O)NC23CC4CC(C2)CC(C4)C3)CCCCCO)c5ccccc5
P34972,6PT0,HQVHOQAKMCMIIM-UHFFFAOYSA-N,agonist,R,WI5,401,32,Cc1c(c2cccc3c2n1C(CO3)CN4CCOCC4)C(=O)c5cccc6c5cccc6
P34972,8GUR,YNZFFALZMRAPHQ-UHFFFAOYSA-N,antagonist,R,9GF,401,27,CCCCCCC(C)(C)c1ccc(c(c1)O)C2CC(CCC2CCCO)O
P28223,6A93,RAPZEAPATHNIPO-UHFFFAOYSA-N,antagonist,A,8NU,3001,30,CC1=C(C(=O)N2CCCCC2=N1)CCN3CCC(CC3)c4c5ccc(cc5on4)F
P28223,6A93,RAPZEAPATHNIPO-UHFFFAOYSA-N,antagonist,B,8NU,3001,30,CC1=C(C(=O)N2CCCCC2=N1)CCN3CCC(CC3)c4c5ccc(cc5on4)F
P28223,6A94,HDOZVRUNCMBHFH-UHFFFAOYSA-N,antagonist,A,ZOT,3001,22,CN(C)CCOC1=Cc2ccccc2Sc3c1cc(cc3)Cl
P28223,6A94,HDOZVRUNCMBHFH-UHFFFAOYSA-N,antagonist,B,ZOT,3001,22,CN(C)CCOC1=Cc2ccccc2Sc3c1cc(cc3)Cl
P28223,6WH4,RLJFTICUTYVZDG-UHFFFAOYSA-N,antagonist,A,89F,1201,24,CN1CCN(CC1)C2Cc3ccccc3Sc4c2cc(cc4)SC
P28223,6WH4,RLJFTICUTYVZDG-UHFFFAOYSA-N,antagonist,B,89F,1201,24,CN1CCN(CC1)C2Cc3ccccc3Sc4c2cc(cc4)SC
P28223,6WH4,RLJFTICUTYVZDG-UHFFFAOYSA-N,antagonist,C,89F,1201,24,CN1CCN(CC1)C2Cc3ccccc3Sc4c2cc(cc4)SC
P28223,6WHA,VWEDZTZAXHMZIL-UHFFFAOYSA-N,agonist,A,U0G,501,23,COc1cc(c(cc1C#N)OC)CCNCc2ccccc2O
P28223,7VOE,CEUORZQYGODEFX-UHFFFAOYSA-N,antagonist,A,9SC,1709,30,c1cc(c(c(c1)Cl)Cl)N2CCN(CC2)CCCCOc3ccc4c(c3)NC(=O)CC4
P28223,7WC4,QZAYGJVTTNCVMB-UHFFFAOYSA-N,agonist,A,SRO,1409,13,c1cc2c(cc1O)c(c[nH]2)CCN
P28223,7WC5,SPCIYGNTAMCTRO-UHFFFAOYSA-N,agonist,A,91Q,1206,15,CN(C)CCc1c[nH]c2c1c(ccc2)O
P28223,7WC8,HOIIHACBCFLJET-UHFFFAOYSA-N,antagonist,A,92S,1207,29,CN1CCN2c3c1cccc3C4C2CCN(C4)CCCC(=O)c5ccc(cc5)F
P47900,4XNV,AHFLGPTXSIRAQK-UHFFFAOYSA-N,antagonist,A,BUR,1101,32,CC(C)(C)c1ccccc1Oc2c(cccn2)NC(=O)Nc3ccc(cc3)OC(F)(F)F
Q9Y5Y4,6D26,GFPPXZDRVCSVNR-UHFFFAOYSA-N,antagonist,A,FSY,2401,29,Cc1c(c2cccnc2n1Cc3ccc(cc3C(F)(F)F)S(=O)(=O)C)CC(=O)O
Q9Y5Y4,6D27,CANCTKXGRVNXFP-UHFFFAOYSA-N,antagonist,A,FT4,2408,29,CN(C1CCc2c(c3ccccc3n2CC(=O)O)C1)S(=O)(=O)c4ccc(cc4)F
P21554,5TGZ,KXXKUWQMQUYUSE-UHFFFAOYSA-N,antagonist,A,ZDG,2001,37,Cc1c(n(nc1C(=O)NN2CCCCC2)c3ccc(cc3Cl)Cl)c4ccc(cc4)C#CCCO[N+](=O)[O-]
P21554,5U09,QLYKJCMUNUWAGO-UHFFFAOYSA-N,antagonist,A,7DY,1210,36,CC(C(Cc1ccc(cc1)Cl)c2cccc(c2)C#N)NC(=O)C(C)(C)Oc3ccc(cn3)C(F)(F)F
P21554,6KQI,YNZFFALZMRAPHQ-UHFFFAOYSA-N,antagonist,A,9GF,1201,27,CCCCCCC(C)(C)c1ccc(c(c1)O)C2CC(CCC2CCCO)O
P21554,7V3Z,YNZFFALZMRAPHQ-UHFFFAOYSA-N,antagonist,A,9GF,1201,27,CCCCCCC(C)(C)c1ccc(c(c1)O)C2CC(CCC2CCCO)O
P34998,4K5Y,VIZBSVDBNLAVAW-UHFFFAOYSA-N,antagonist,A,1Q5,401,24,CCC(CC)Nc1cc(nc(c1C)Oc2c(cc(cc2C)C)C)C
P34998,4K5Y,VIZBSVDBNLAVAW-UHFFFAOYSA-N,antagonist,B,1Q5,401,24,CCC(CC)Nc1cc(nc(c1C)Oc2c(cc(cc2C)C)C)C
P34998,4K5Y,VIZBSVDBNLAVAW-UHFFFAOYSA-N,antagonist,C,1Q5,401,24,CCC(CC)Nc1cc(nc(c1C)Oc2c(cc(cc2C)C)C)C
P34998,4Z9G,VIZBSVDBNLAVAW-UHFFFAOYSA-N,antagonist,A,1Q5,1204,24,CCC(CC)Nc1cc(nc(c1C)Oc2c(cc(cc2C)C)C)C
P34998,4Z9G,VIZBSVDBNLAVAW-UHFFFAOYSA-N,antagonist,B,1Q5,1204,24,CCC(CC)Nc1cc(nc(c1C)Oc2c(cc(cc2C)C)C)C
P34998,4Z9G,VIZBSVDBNLAVAW-UHFFFAOYSA-N,antagonist,C,1Q5,1205,24,CCC(CC)Nc1cc(nc(c1C)Oc2c(cc(cc2C)C)C)C
P47871,5EE7,DNTVJEMGHBIUMW-UHFFFAOYSA-N,antagonist,A,5MV,1201,41,CC(c1ccc(cc1)C(=O)NCCC(=O)O)n2c(cc(n2)c3cc(cc(c3)Cl)Cl)c4ccc5cc(ccc5c4)OC
P43220,7S15,IFXPEJAGKQFBER-UHFFFAOYSA-N,agonist,R,82L,501,43,CCn1cncc1Cn2c3cc(ccc3nc2CN4CCC(CC4)c5cccc(n5)OCc6ccc(cc6F)F)C(=O)O
P43220,7X8R,JSLFGFBQFKCNSQ-UHFFFAOYSA-N,agonist,R,BYI,601,76,CC(C)(C)OC(=O)Nc1ccc(cc1)C(=O)NC2(C(C(C2c3ccc(c(c3)OC)OC(=O)c4cccs4)(C(=O)O)NC(=O)c5ccc(cc5)NC(=O)OC(C)(C)C)c6ccc(c(c6)OC)OC(=O)c7cccs7)C(=O)O
P43220,7X8S,YCBYMFFEJARIGU-UHFFFAOYSA-N,agonist,R,WB2,501,72,CC(C)C(=O)Nc1ccc(cc1)C(=O)NC2(C(C(C2c3ccc(c(c3)OC)OC(=O)c4cccs4)(C(=O)O)NC(=O)c5ccc(cc5)NC(=O)C(C)C)c6ccc(c(c6)OC)OC(=O)c7cccs7)C(=O)O
Q03431,8GW8,LDZJFVOUPUFOHX-UHFFFAOYSA-N,agonist,R,KHF,601,44,Cc1cc(cc(c1CCS(=O)(=O)N2CCC3(CC2)C(=O)NC(=N3)c4ccc(cc4)OC(F)(F)F)C)N5C(=O)NC(=O)C5(C)C
Q03431,8JR9,LDZJFVOUPUFOHX-UHFFFAOYSA-N,agonist,R,KHF,601,44,Cc1cc(cc(c1CCS(=O)(=O)N2CCC3(CC2)C(=O)NC(=N3)c4ccc(cc4)OC(F)(F)F)C)N5C(=O)NC(=O)C5(C)C
O00222,6BT5,DDOQBQRIEWHWBT-UHFFFAOYSA-N,antagonist,A,E7P,601,11,C(CP(=O)(O)O)C(C(=O)O)N
O00222,6BT5,DDOQBQRIEWHWBT-UHFFFAOYSA-N,antagonist,B,E7P,601,11,C(CP(=O)(O)O)C(C(=O)O)N
Q14833,8JD6,SUYUTNCKIOLMAJ-UHFFFAOYSA-N,agonist,S,BK0,1001,16,c1ccnc(c1)C(=O)Nc2cccc(c2)Cl
P41594,8T6J,BKUIZWILNWHFHD-UHFFFAOYSA-N,antagonist,A,YKU,901,28,c1ccc(cc1)c2cc(n(n2)c3ccccc3)NC(=O)c4cccc(c4)C#N
P41594,8T6J,BKUIZWILNWHFHD-UHFFFAOYSA-N,antagonist,B,YKU,901,28,c1ccc(cc1)c2cc(n(n2)c3ccccc3)NC(=O)c4cccc(c4)C#N
P41594,8TAO,BKUIZWILNWHFHD-UHFFFAOYSA-N,antagonist,B,YKU,901,28,c1ccc(cc1)c2cc(n(n2)c3ccccc3)NC(=O)c4cccc(c4)C#N
Q9NYV8,8VY7,XXKGCSWBGJTTJM-UHFFFAOYSA-N,agonist,R,A1AEI,501,23,Cc1cc(nc(n1)Nc2ccccc2c3[nH]nnn3)C(F)(F)F
Q9NYV8,8VY9,XXKGCSWBGJTTJM-UHFFFAOYSA-N,agonist,R,A1AEI,601,23,Cc1cc(nc(n1)Nc2ccccc2c3[nH]nnn3)C(F)(F)F
Q99835,4JKV,SZBGQDXLNMELTB-UHFFFAOYSA-N,antagonist,A,1KS,601,37,Cn1c(ccn1)c2c3ccccc3c(nn2)N4CCC(CC4)N(C)C(=O)c5ccc(cc5C(F)(F)F)F
Q99835,4JKV,SZBGQDXLNMELTB-UHFFFAOYSA-N,antagonist,B,1KS,601,37,Cn1c(ccn1)c2c3ccccc3c(nn2)N4CCC(CC4)N(C)C(=O)c5ccc(cc5C(F)(F)F)F
Q99835,4QIM,KSWYJUIFHPSZOL-UHFFFAOYSA-N,antagonist,A,A8T,1201,33,CC(C)(c1ccc(nc1)N2CCN(CC2)c3c4ccccc4c(nn3)Cc5ccccc5)O
Q99835,5L7I,BPQMGSKTAYIVFO-UHFFFAOYSA-N,antagonist,A,VIS,1202,27,CS(=O)(=O)c1ccc(c(c1)Cl)C(=O)Nc2ccc(c(c2)c3ccccn3)Cl
Q99835,5L7I,BPQMGSKTAYIVFO-UHFFFAOYSA-N,antagonist,B,VIS,1202,27,CS(=O)(=O)c1ccc(c(c1)Cl)C(=O)Nc2ccc(c(c2)c3ccccn3)Cl
O00222,6E5V,IJVMOGKBEVRBPP-UHFFFAOYSA-N,agonist,A,HVG,601,17,c1cc(c(cc1C(C(=O)O)N)C(=O)O)C(=O)O
O00222,6E5V,IJVMOGKBEVRBPP-UHFFFAOYSA-N,agonist,B,HVG,601,17,c1cc(c(cc1C(C(=O)O)N)C(=O)O)C(=O)O
O14842,8T3V,MBMBGCFOFBJSGT-UHFFFAOYSA-N,agonist,R,HXA,302,24,CCC=CCC=CCC=CCC=CCC=CCC=CCCC(=O)O
O15552,8T3S,FERIUCNNQQJTOY-UHFFFAOYSA-N,agonist,R,BUA,301,6,CCCC(=O)O
O43613,4ZJ8,JYTNQNCOQXFQPK-UHFFFAOYSA-N,antagonist,A,SUV,2001,32,Cc1ccc(c(c1)C(=O)N2CCN(CCC2C)c3nc4cc(ccc4o3)Cl)n5nccn5
O43613,4ZJC,HYBZWVLPALMACV-UHFFFAOYSA-N,antagonist,A,4OT,2001,32,Cc1nc(c(s1)c2ccccc2F)C(=O)N3CCCC3Cc4nnc(o4)c5ccccc5
O43613,6V9S,CRLKYMWQHWKXAE-UHFFFAOYSA-N,antagonist,A,JHC,1201,35,CCC(C)C1CN(CCCN1C(=O)c2cc(ccc2n3nccn3)C)c4nc5cc(ccc5o4)Cl
O43614,4S0V,JYTNQNCOQXFQPK-UHFFFAOYSA-N,agonist,A,SUV,2001,32,Cc1ccc(c(c1)C(=O)N2CCN(CCC2C)c3nc4cc(ccc4o3)Cl)n5nccn5
O43614,7XRR,MUGXRYIUWFITCP-UHFFFAOYSA-N,antagonist,A,NRK,1001,30,Cc1c(cnc(n1)C)OCC2(CC2C(=O)Nc3ccc(cn3)F)c4cccc(c4)F
O75899,4F12,SHZGCJCMOBCMKK-UHFFFAOYSA-N,agonist,B,FUC,3,11,CC1C(C(C(C(O1)O)O)O)O
P07550,3D4S,BLJRIMJGRPQVNF-UHFFFAOYSA-N,agonist,A,TIM,401,21,CC(C)(C)NCC(COc1c(nsn1)N2CCOCC2)O
P07550,3NY9,QVJVMNUTCGTBCH-UHFFFAOYSA-N,antagonist,A,JSZ,1203,24,CCOC(=O)c1c(c2c(o1)cccc2OCC(CNC(C)C)O)C
P07550,3PDS,WAQRESHSGHIXBV-UHFFFAOYSA-N,agonist,A,ERC,1201,31,COc1cc(ccc1OCCCS)CCNCC(c2ccc(c3c2C=CC(=O)N3)O)O
P08908,8W8B,ABDDQTDRAHXHOC-UHFFFAOYSA-N,agonist,R,UJL,507,12,CNCC1c2c(ccs2)CCO1
P11229,6ZG4,AQEAWDQQWHVFAX-UHFFFAOYSA-N,agonist,A,QK8,1201,26,CCOC(=O)N1CCCC(CC1)N2CCC(CC2)C(=O)NC3(CCC3)C
P21453,3V2W,FWJRVGZWNDOOFH-UHFFFAOYSA-N,antagonist,A,ML5,1201,23,CCCCCCc1cccc(c1)NC(=O)C(CCP(=O)(O)O)N
P21453,3V2Y,FWJRVGZWNDOOFH-UHFFFAOYSA-N,antagonist,A,ML5,1201,23,CCCCCCc1cccc(c1)NC(=O)C(CCP(=O)(O)O)N
P21453,7VIE,DUYSYHSSBDVJSM-UHFFFAOYSA-N,agonist,F,S1P,401,25,CCCCCCCCCCCCCC=CC(C(COP(=O)(O)O)N)O
P21554,6KPG,JCIYJYHFBBXSBF-UHFFFAOYSA-N,agonist,R,8D0,501,31,CC1(C2CCC(CC2c3c(cc(cc3O1)C(C)(C)CCCCCCN=C=S)O)CO)C
P21728,7CKX,QLJOSZATCBCBDR-UHFFFAOYSA-N,agonist,R,G3O,501,24,c1cc(c(c2c1C(OC(C2)C34CC5CC(C3)CC(C5)C4)CN)O)O
P21728,7CRH,JXMYTVOBSFOHAF-UHFFFAOYSA-N,agonist,R,GBU,501,22,Cc1cccc(c1)C2CN(CCc3c2cc(c(c3Cl)O)O)C
P21728,7F0T,VYFYYTLLBUKUHU-UHFFFAOYSA-N,agonist,F,LDP,501,11,c1cc(c(cc1CCN)O)O
P21728,7F1O,VYFYYTLLBUKUHU-UHFFFAOYSA-N,agonist,F,LDP,501,11,c1cc(c(cc1CCN)O)O
P21728,7F1Z,VYFYYTLLBUKUHU-UHFFFAOYSA-N,agonist,F,LDP,501,11,c1cc(c(cc1CCN)O)O
P21728,7F23,VYFYYTLLBUKUHU-UHFFFAOYSA-N,agonist,F,LDP,501,11,c1cc(c(cc1CCN)O)O
P21728,7F24,VYFYYTLLBUKUHU-UHFFFAOYSA-N,agonist,F,LDP,501,11,c1cc(c(cc1CCN)O)O
P21728,7X2D,AKQXQLUNFKDZBN-UHFFFAOYSA-N,agonist,F,86W,502,28,Cc1cc(ccc1C2=C(C(=O)NC(=O)N2C)C)Oc3c(cccn3)C(F)(F)F
P21728,8IRR,KFQYTPMOWPVWEJ-UHFFFAOYSA-N,agonist,R,R5F,501,22,CCCN(CCc1cccs1)C2CCc3c(cccc3O)C2
P21730,7Y66,QNAYBMKLOCPYGJ-UHFFFAOYSA-N,agonist,E,DAL,7,6,CC(C(=O)O)N
P21918,8IRV,KFQYTPMOWPVWEJ-UHFFFAOYSA-N,agonist,R,R5F,501,22,CCCN(CCc1cccs1)C2CCc3c(cccc3O)C2
P25090,6LW5,GSYTVXOARWSQSV-UHFFFAOYSA-N,agonist,B,QXV,6,9,CSCCC(C(=O)N)N
P25105,5ZKQ,GDLNHSUSOZEAOR-UHFFFAOYSA-N,antagonist,A,9EU,501,36,Cc1nc2cnccc2n1Cc3ccc(cc3F)C(=O)c4cn(c5c4c(ccc5)C#C)C(=O)N(C)C
P25105,5ZKQ,GDLNHSUSOZEAOR-UHFFFAOYSA-N,antagonist,B,9EU,1201,36,Cc1nc2cnccc2n1Cc3ccc(cc3F)C(=O)c4cn(c5c4c(ccc5)C#C)C(=O)N(C)C
P25106,7SK7,OROWGUJESLHVQL-UHFFFAOYSA-O,agonist,A,GJ9,401,38,Cc1cc2cccnc2c(c1OCCCC(=O)O)N3CCC[NH+](CC3)Cc4csc(n4)N5CCC(CC5)O
P25106,7SK9,OROWGUJESLHVQL-UHFFFAOYSA-O,agonist,A,GJ9,401,38,Cc1cc2cccnc2c(c1OCCCC(=O)O)N3CCC[NH+](CC3)Cc4csc(n4)N5CCC(CC5)O
P25116,3VW7,ZBGXUVOIWDMMJE-UHFFFAOYSA-N,antagonist,A,VPX,2001,36,CCOC(=O)NC1CCC2C(C1)CC3C(C2C=Cc4ccc(cn4)c5cccc(c5)F)C(OC3=O)C
P28222,4IAQ,LUZRJRNZXALNLM-UHFFFAOYSA-N,agonist,A,2GM,2001,43,CC1(C(=O)N2C(C(=O)N3CCCC3C2(O1)O)Cc4ccccc4)NC(=O)C5CC6c7cccc8c7c(c[nH]8)CC6N(C5)C
P28223,7VOD,KPWSJANDNDDRMB-UHFFFAOYSA-N,agonist,A,7RU,1208,28,CN(C)C(=O)NC1CCC(CC1)CCN2CCN(CC2)c3cccc(c3Cl)Cl
P29274,3PWH,PWTBZOIUWZOPFT-UHFFFAOYSA-N,agonist,A,ZMA,401,25,c1cc(oc1)c2nc3nc(nc(n3n2)N)NCCc4ccc(cc4)O
P29274,3QAK,ZOTHAEBAWXWVID-UHFFFAOYSA-N,agonist,A,UKA,1200,57,CCNC(=O)C1C(C(C(O1)n2cnc3c2nc(nc3NCC(c4ccccc4)c5ccccc5)C(=O)NCCNC(=O)NC6CCN(CC6)c7ccccn7)O)O
P29274,3RFM,RYYVLZVUVIJVGH-UHFFFAOYSA-N,agonist,A,CFF,330,14,Cn1cnc2c1C(=O)N(C(=O)N2C)C
P29274,4UHR,PAOANWZGLPPROA-UHFFFAOYSA-N,agonist,A,NGI,1320,36,CCNC(=O)C1C(C(C(O1)n2cnc3c2nc(nc3N)NCCc4ccc(cc4)CCC(=O)O)O)O
P30550,7W41,NNFUWNLENRUDHR-UHFFFAOYSA-N,agonist,A,8B8,601,43,CC(Cc1c[nH]c2c1cccc2)(C(=O)NCC3(CCCCC3)c4ccc(cn4)OC)NC(=O)Nc5ccc(cc5)[N+](=O)[O-]
P30556,4YAY,BFVNEYDCFJNLGN-UHFFFAOYSA-N,antagonist,A,ZD7,1201,33,CCc1cc2c(c(n1)CC)CCC(=O)N2Cc3ccc(cc3)c4ccccc4c5[nH]nnn5
P30556,6OS1,FSYKKLYZXJSNPZ-UHFFFAOYSA-N,agonist,B,SAR,1,6,CNCC(=O)O
P30556,6OS2,FSYKKLYZXJSNPZ-UHFFFAOYSA-N,agonist,B,SAR,1,6,CNCC(=O)O
P31391,7XMT,VTNCZBXJSGKDLS-UHFFFAOYSA-N,agonist,R,I8B,401,33,Cc1ccc(c2c1cccc2)S(=O)(=O)NC(CCN)C(=O)NC(Cc3ccccc3)C(=N)O
P32245,7F58,HLCHESOMJVGDSJ-UHFFFAOYSA-N,agonist,R,1I8,601,42,c1ccc2c(c1)CC(NC2)C(=O)NC(Cc3ccc(cc3)Cl)C(=O)N4CCC(CC4)(Cn5cncn5)C6CCCCC6
P34972,6KPC,FTYAKKNPQHUECV-UHFFFAOYSA-N,agonist,A,E3R,1201,29,CC1(C2CCC(CC2c3c(cc(cc3O1)C(C)(C)CCCCCC#N)O)CO)C
P34972,6KPF,FTYAKKNPQHUECV-UHFFFAOYSA-N,agonist,R,E3R,401,29,CC1(C2CCC(CC2c3c(cc(cc3O1)C(C)(C)CCCCCC#N)O)CO)C
P35408,5YHL,MCJIJRUBPRBSIT-UHFFFAOYSA-N,antagonist,A,8VL,401,30,CC(c1ccc(c2c1cccc2)Br)C(=O)Nc3cc(ccc3CCCC(=O)O)C#N
P35462,7CMU,FASDKYOPVNHBLU-UHFFFAOYSA-N,agonist,R,G6L,500,14,CCCNC1CCc2c(sc(n2)N)C1
P35462,7CMV,YOILXOMTHPUMRG-UHFFFAOYSA-N,agonist,R,G6O,500,18,CCCN1CCOC2C1COc3c2cc(cc3)O
P35462,8IRT,KFQYTPMOWPVWEJ-UHFFFAOYSA-N,agonist,R,R5F,501,22,CCCN(CCc1cccs1)C2CCc3c(cccc3O)C2
P41143,4N6H,WIYUZYBFCWCCQJ-UHFFFAOYSA-N,antagonist,A,EJ4,1219,31,c1ccc2c(c1)c3c([nH]2)C4C56CCN(C(C5(C3)O)Cc7c6c(c(cc7)O)O4)CC8CC8
P41143,6PT3,PQMGDEIHRXQPCQ-UHFFFAOYSA-N,agonist,A,OWY,1201,36,CCN(CC)C(=O)c1ccc(cc1)C(c2cccc(c2)O)N3CC(N(CC3C)Cc4ccccc4)C
P41143,6PT3,PQMGDEIHRXQPCQ-UHFFFAOYSA-N,agonist,B,OWY,1201,36,CCN(CC)C(=O)c1ccc(cc1)C(c2cccc(c2)O)N3CC(N(CC3C)Cc4ccccc4)C
P41145,6B73,WTIFKSFIQUZRRN-UHFFFAOYSA-N,agonist,A,CVV,2001,33,c1cc(cc(c1)I)C(=O)NC2C=CC3C4Cc5ccc(c6c5C3(C2O6)CCN4CC7CC7)O
P41145,6B73,WTIFKSFIQUZRRN-UHFFFAOYSA-N,agonist,B,CVV,2001,33,c1cc(cc(c1)I)C(=O)NC2C=CC3C4Cc5ccc(c6c5C3(C2O6)CCN4CC7CC7)O
P41145,7YIT,XGZZHZMWIXFATA-UHFFFAOYSA-N,agonist,A,IVB,401,35,CN(C1CCC2(C3Cc4ccc(c5c4C2(C1O5)CCN3CC6CC6)O)O)C(=O)C=Cc7ccoc7
P41146,5DHG,UWHDLFOAIARROU-UHFFFAOYSA-N,antagonist,A,DGV,1201,32,c1ccc(cc1)CN2CCCC2C(=O)NCCCN3CCC(CC3)c4c(cccc4Cl)Cl
P41146,5DHG,UWHDLFOAIARROU-UHFFFAOYSA-N,antagonist,B,DGV,1501,32,c1ccc(cc1)CN2CCCC2C(=O)NCCCN3CCC(CC3)c4c(cccc4Cl)Cl
P41180,5K5S,QIVBCDIJIAJPQS-UHFFFAOYSA-N,agonist,A,TRP,701,15,c1ccc2c(c1)c(c[nH]2)CC(C(=O)O)N
P41180,5K5S,QIVBCDIJIAJPQS-UHFFFAOYSA-N,agonist,B,TRP,701,15,c1ccc2c(c1)c(c[nH]2)CC(C(=O)O)N
P41594,6N50,ASNFTDCKZKHJSW-UHFFFAOYSA-N,agonist,A,QUS,603,13,C(C(C(=O)O)N)N1C(=O)NC(=O)O1
P41594,6N50,ASNFTDCKZKHJSW-UHFFFAOYSA-N,agonist,B,QUS,602,13,C(C(C(=O)O)N)N1C(=O)NC(=O)O1
P41594,6N50,ASNFTDCKZKHJSW-UHFFFAOYSA-N,agonist,C,QUS,603,13,C(C(C(=O)O)N)N1C(=O)NC(=O)O1
P41594,6N51,ASNFTDCKZKHJSW-UHFFFAOYSA-N,agonist,A,QUS,903,13,C(C(C(=O)O)N)N1C(=O)NC(=O)O1
P41594,6N51,ASNFTDCKZKHJSW-UHFFFAOYSA-N,agonist,B,QUS,903,13,C(C(C(=O)O)N)N1C(=O)NC(=O)O1
P41594,7FD9,VLZBRVJVCCNPRJ-UHFFFAOYSA-N,agonist,A,Z99,902,26,c1ccc2c(c1)C(c3ccccc3O2)CC(C4CC4C(=O)O)(C(=O)O)N
P41594,7FD9,VLZBRVJVCCNPRJ-UHFFFAOYSA-N,agonist,B,Z99,902,26,c1ccc2c(c1)C(c3ccccc3O2)CC(C4CC4C(=O)O)(C(=O)O)N
P43220,3C59,YZNNXXWNKQOETJ-UHFFFAOYSA-N,antagonist,A,10M,1,33,CCCCCCCCCCSC1C(C(C(C(O1)CO)OC2C(C(C(C(O2)CO)O)O)O)O)O
P43220,3C5T,YZNNXXWNKQOETJ-UHFFFAOYSA-N,antagonist,A,10M,1,33,CCCCCCCCCCSC1C(C(C(C(O1)CO)OC2C(C(C(C(O2)CO)O)O)O)O)O
P43220,3IOL,YZNNXXWNKQOETJ-UHFFFAOYSA-N,agonist,A,10M,1,33,CCCCCCCCCCSC1C(C(C(C(O1)CO)OC2C(C(C(C(O2)CO)O)O)O)O)O
P43220,6XOX,USUWIEBBBWHKNI-UHFFFAOYSA-N,agonist,R,V6G,501,65,Cc1cc(cc(c1F)C)n2c(c3c(n2)CCN(C3C)C(=O)c4cc5cc(ccc5n4C6(CC6C)C7=NOC(=O)N7)C8CCOC(C8)(C)C)N9C=CN(C9=O)c1ccc2c(c1F)cnn2C
P43220,7FIM,FUOOLUPWFVMBKG-UHFFFAOYSA-N,agonist,P,AIB,"13,2",7,CC(C)(C(=O)O)N
P43220,7RGP,FUOOLUPWFVMBKG-UHFFFAOYSA-N,agonist,P,AIB,"13,2",7,CC(C)(C(=O)O)N
P43220,7RTB,FUOOLUPWFVMBKG-UHFFFAOYSA-N,agonist,P,AIB,"2,20",7,CC(C)(C(=O)O)N
P43220,7S1M,QNAYBMKLOCPYGJ-UHFFFAOYSA-N,agonist,P,DAL,4,6,CC(C(=O)O)N
P43220,7VBI,FUOOLUPWFVMBKG-UHFFFAOYSA-N,agonist,P,AIB,"13,2",7,CC(C)(C(=O)O)N
P48546,7FIY,FUOOLUPWFVMBKG-UHFFFAOYSA-N,agonist,P,AIB,"13,2",7,CC(C)(C(=O)O)N
P48546,7VAB,FUOOLUPWFVMBKG-UHFFFAOYSA-N,agonist,P,AIB,"13,2",7,CC(C)(C(=O)O)N
P61073,2K03,CIQHWLTYGMYQQR-UHFFFAOYSA-N,agonist,B,TYS,121,17,c1cc(ccc1CC(C(=O)O)N)OS(=O)(=O)O
P61073,2K03,CIQHWLTYGMYQQR-UHFFFAOYSA-N,agonist,D,TYS,321,17,c1cc(ccc1CC(C(=O)O)N)OS(=O)(=O)O
P61073,2K05,CIQHWLTYGMYQQR-UHFFFAOYSA-N,agonist,B,TYS,"107,112,121",17,c1cc(ccc1CC(C(=O)O)N)OS(=O)(=O)O
P61073,2K05,CIQHWLTYGMYQQR-UHFFFAOYSA-N,agonist,D,TYS,"307,312,321",17,c1cc(ccc1CC(C(=O)O)N)OS(=O)(=O)O
P61073,3ODU,OOSUDWRRWZVFEB-UHFFFAOYSA-N,antagonist,A,ITD,1500,27,CC1(CN2C(=CSC2=N1)CSC(=NC3CCCCC3)NC4CCCCC4)C
P61073,3ODU,OOSUDWRRWZVFEB-UHFFFAOYSA-N,antagonist,B,ITD,1500,27,CC1(CN2C(=CSC2=N1)CSC(=NC3CCCCC3)NC4CCCCC4)C
P61073,3OE6,OOSUDWRRWZVFEB-UHFFFAOYSA-N,antagonist,A,ITD,1500,27,CC1(CN2C(=CSC2=N1)CSC(=NC3CCCCC3)NC4CCCCC4)C
P61073,3OE8,OOSUDWRRWZVFEB-UHFFFAOYSA-N,antagonist,A,ITD,1500,27,CC1(CN2C(=CSC2=N1)CSC(=NC3CCCCC3)NC4CCCCC4)C
P61073,3OE8,OOSUDWRRWZVFEB-UHFFFAOYSA-N,antagonist,B,ITD,1500,27,CC1(CN2C(=CSC2=N1)CSC(=NC3CCCCC3)NC4CCCCC4)C
P61073,3OE8,OOSUDWRRWZVFEB-UHFFFAOYSA-N,antagonist,C,ITD,1500,27,CC1(CN2C(=CSC2=N1)CSC(=NC3CCCCC3)NC4CCCCC4)C
P61073,3OE9,OOSUDWRRWZVFEB-UHFFFAOYSA-N,antagonist,A,ITD,1500,27,CC1(CN2C(=CSC2=N1)CSC(=NC3CCCCC3)NC4CCCCC4)C
P61073,3OE9,OOSUDWRRWZVFEB-UHFFFAOYSA-N,antagonist,B,ITD,1500,27,CC1(CN2C(=CSC2=N1)CSC(=NC3CCCCC3)NC4CCCCC4)C
Q03431,7UZO,JWYOAMOZLZXDER-UHFFFAOYSA-N,agonist,B,XCP,31,9,C1CC(C(C1)N)C(=O)O
Q03431,7UZP,JWYOAMOZLZXDER-UHFFFAOYSA-N,agonist,B,XCP,"24,28,31",9,C1CC(C(C1)N)C(=O)O
Q03431,7UZP,JWYOAMOZLZXDER-UHFFFAOYSA-N,agonist,D,XCP,"24,28,31",9,C1CC(C(C1)N)C(=O)O
Q03431,7UZP,JWYOAMOZLZXDER-UHFFFAOYSA-N,agonist,F,XCP,"24,28,31",9,C1CC(C(C1)N)C(=O)O
Q03431,8FLS,FUOOLUPWFVMBKG-UHFFFAOYSA-N,agonist,P,AIB,29,7,CC(C)(C(=O)O)N
Q14416,4XAQ,VTAARTQTOOYTES-UHFFFAOYSA-N,agonist,A,40F,601,13,C1CC(C2C1C2C(=O)O)(C(=O)O)N
Q14416,4XAQ,VTAARTQTOOYTES-UHFFFAOYSA-N,agonist,B,40F,601,13,C1CC(C2C1C2C(=O)O)(C(=O)O)N
Q14416,4XAS,ADTIUNVCKYGIIN-UHFFFAOYSA-N,agonist,A,40H,601,15,C1CC12CC(C3C2C3C(=O)O)(C(=O)O)N
Q14416,4XAS,ADTIUNVCKYGIIN-UHFFFAOYSA-N,agonist,B,40H,601,15,C1CC12CC(C3C2C3C(=O)O)(C(=O)O)N
Q14416,5CNJ,YSOWRGMLMZQSBX-UHFFFAOYSA-N,agonist,A,52Q,602,19,c1[nH]nc(n1)SC2CC(C3C2C3C(=O)O)(C(=O)O)N
Q14416,5CNJ,YSOWRGMLMZQSBX-UHFFFAOYSA-N,agonist,B,52Q,601,19,c1[nH]nc(n1)SC2CC(C3C2C3C(=O)O)(C(=O)O)N
Q14832,4XAR,VTAARTQTOOYTES-UHFFFAOYSA-N,agonist,A,40F,601,13,C1CC(C2C1C2C(=O)O)(C(=O)O)N
Q14832,5CNM,YSOWRGMLMZQSBX-UHFFFAOYSA-N,agonist,A,52Q,601,19,c1[nH]nc(n1)SC2CC(C3C2C3C(=O)O)(C(=O)O)N
Q16581,8I95,QNAYBMKLOCPYGJ-UHFFFAOYSA-N,agonist,D,DAL,9,6,CC(C(=O)O)N
Q16581,8I9A,QNAYBMKLOCPYGJ-UHFFFAOYSA-N,agonist,D,DAL,9,6,CC(C(=O)O)N
Q16602,6V2E,WQZGKKKJIJFFOK-UHFFFAOYSA-N,antagonist,C,GLC,"1,2",12,C(C1C(C(C(C(O1)O)O)O)O)O
Q5NUL3,8T3Q,MBMBGCFOFBJSGT-UHFFFAOYSA-N,agonist,R,HXA,401,24,CCC=CCC=CCC=CCC=CCC=CCC=CCCC(=O)O
Q5T601,8G2Y,VXUOFDJKYGDUJI-UHFFFAOYSA-O,agonist,R,LPC,1001,31,CCCCCCCCCCCCCC(=O)OCC(COP(=O)(O)OCC[N+](C)(C)C)O
Q8TDS4,8I7V,SVUSRFFHFGAVHH-UHFFFAOYSA-O,agonist,A,OJX,401,11,Cc1cnc(c[n+]1O)C(=O)O
Q8TDS4,8I7W,CGAMDQCXAAOFSR-UHFFFAOYSA-N,agonist,A,OKL,401,17,CCCCCN1c2c([nH]c(n2)Cl)C(=O)NC1=O
Q8TDS4,8IHB,CGAMDQCXAAOFSR-UHFFFAOYSA-N,agonist,R,OKL,602,17,CCCCCN1c2c([nH]c(n2)Cl)C(=O)NC1=O
Q8TDS4,8IJA,PVNIIMVLHYAWGP-UHFFFAOYSA-N,agonist,A,NIO,401,9,c1cc(cnc1)C(=O)O
Q8TDS4,8IJB,SVUSRFFHFGAVHH-UHFFFAOYSA-O,agonist,A,OJX,401,11,Cc1cnc(c[n+]1O)C(=O)O
Q8TDS4,8IY9,PVNIIMVLHYAWGP-UHFFFAOYSA-N,agonist,R,NIO,401,9,c1cc(cnc1)C(=O)O
Q8TDS4,8J6J,CGAMDQCXAAOFSR-UHFFFAOYSA-N,agonist,R,OKL,501,17,CCCCCN1c2c([nH]c(n2)Cl)C(=O)NC1=O
Q8TDS4,8J6L,PVNIIMVLHYAWGP-UHFFFAOYSA-N,agonist,R,NIO,501,9,c1cc(cnc1)C(=O)O
Q8TDU9,7YK6,NQWXHRRWWPCDAJ-UHFFFAOYSA-N,agonist,R,IYF,601,27,CCc1cc(cc2c1[nH]cc2C=NNC(=N)NCCc3ccc(cc3)Cl)O
Q92847,6KO5,LMBFVVBQYYWDKN-UHFFFAOYSA-N,antagonist,A,8QX,1501,31,CC1=Nc2ccc(nc2C(=O)N1CC3CCCN(C3)C(C)C)Oc4ccc(cc4F)Br
Q92847,7W2Z,CSUFCBOFZFUZNV-UHFFFAOYSA-N,agonist,L,K4Q,3,15,CCCCCCCC(=O)OCC(C=O)N
Q96LB2,8DWG,RCSLEKLNDJJJLF-UHFFFAOYSA-N,agonist,R,U39,401,25,CCOc1ccccc1NC(=O)c2ccccc2NS(=O)(=O)C3CC3
Q99500,7C4S,DUYSYHSSBDVJSM-UHFFFAOYSA-N,agonist,A,S1P,1001,25,CCCCCCCCCCCCCC=CC(C(COP(=O)(O)O)N)O
Q99500,7C4S,DUYSYHSSBDVJSM-UHFFFAOYSA-N,agonist,B,S1P,401,25,CCCCCCCCCCCCCC=CC(C(COP(=O)(O)O)N)O
Q99835,4QIN,RXZDWPYJFCAZCW-UHFFFAOYSA-N,agonist,A,SG8,1201,36,CNC1CCC(CC1)N(Cc2cccc(c2)c3ccncc3)C(=O)c4c(c5c(ccc(c5s4)F)F)Cl
Q99835,5V56,ZDEZQXNVPSUJHK-UHFFFAOYSA-N,antagonist,A,836,1201,39,Cn1c(ccn1)c2c3ccccc3c(nn2)N4CCC(CC4)N(C)C(=O)c5ccc(cc5C(F)(F)F)[N+](=O)[O-]
Q99835,5V56,ZDEZQXNVPSUJHK-UHFFFAOYSA-N,antagonist,B,836,1201,39,Cn1c(ccn1)c2c3ccccc3c(nn2)N4CCC(CC4)N(C)C(=O)c5ccc(cc5C(F)(F)F)[N+](=O)[O-]
Q99835,5V57,ZDEZQXNVPSUJHK-UHFFFAOYSA-N,antagonist,A,836,1201,39,Cn1c(ccn1)c2c3ccccc3c(nn2)N4CCC(CC4)N(C)C(=O)c5ccc(cc5C(F)(F)F)[N+](=O)[O-]
Q99835,5V57,ZDEZQXNVPSUJHK-UHFFFAOYSA-N,antagonist,B,836,1201,39,Cn1c(ccn1)c2c3ccccc3c(nn2)N4CCC(CC4)N(C)C(=O)c5ccc(cc5C(F)(F)F)[N+](=O)[O-]
Q9BXA5,8JPN,DCEMCPAKSGRHCN-UHFFFAOYSA-N,agonist,R,U9S,501,9,C1(C(O1)C(=O)O)C(=O)O
Q9BXA5,8YKV,TUTOXIPIHTUWDS-UHFFFAOYSA-N,agonist,R,A1LYV,401,28,c1cc(nc(c1)C(=O)NC(CC(=O)O)C(=O)O)c2ccc(cc2)OC(F)(F)F
Q9BXA5,8YKX,VZCYOOQTPOCHFL-UHFFFAOYSA-N,agonist,R,MAE,401,8,C(=CC(=O)O)C(=O)O
Q9H244,4PXZ,WLMZTKAZJUWXCB-UHFFFAOYSA-N,agonist,A,6AD,1201,29,CSc1nc(c2c(n1)n(cn2)C3C(C(C(O3)COP(=O)(O)OP(=O)(O)O)O)O)N
Q9H244,4PY0,XNOBOKJVOTYSJV-UHFFFAOYSA-N,agonist,A,6AT,1201,33,CSc1nc(c2c(n1)n(cn2)C3C(C(C(O3)COP(=O)(O)OP(=O)(O)OP(=O)(O)O)O)O)N
Q9H244,7PP1,FYXHWMQPCJOJCH-UHFFFAOYSA-N,agonist,AAA,7Y5,1201,43,CCCCOC(=O)N1CCN(CC1)C(=O)C(CP(=O)(O)O)NC(=O)c2cc(nc(n2)c3ccccc3)N4CCC(C4)OC
Q9NQS5,8G05,PNPWQWFLXGGIRQ-UHFFFAOYSA-N,agonist,R,YI9,401,17,CCCCCCCCNC1=NC(=O)NC(=O)C1
Q9UNW8,8HQM,KVTFEOAKFFQCCX-UHFFFAOYSA-N,antagonist,R,140,401,22,CCCCCCCCCCCCCCCC(=O)NCC(=O)O
Q9UNW8,8HQN,NPDSHTNEKLQQIJ-UHFFFAOYSA-N,antagonist,R,9HO,401,21,CCCCCC=CC=CC(CCCCCCCC(=O)O)O
Q9UPC5,8SAI,JZWNYZVVZXZRRH-UHFFFAOYSA-N,agonist,A,S12,401,35,CCCCCCCCC=CCCCCCCCC(=O)OCC(COP(=O)(O)OCC(C(=O)O)N)O
Q9UPC5,8XBE,GBVRPEHKCBAZPS-UHFFFAOYSA-N,agonist,A,KW0,401,37,CCCCCCCCC=CCCCCCCCC(=O)OCC(COCC)OP(=O)(O)OCC(C(=O)O)N
Q9UPC5,8XBG,GBVRPEHKCBAZPS-UHFFFAOYSA-N,agonist,A,KW0,401,37,CCCCCCCCC=CCCCCCCCC(=O)OCC(COCC)OP(=O)(O)OCC(C(=O)O)N
Q9UPC5,8XBH,PWIBLZZVGUIXAU-UHFFFAOYSA-N,agonist,R,KW3,401,43,CCOCC(COC(=O)CCc1ccccc1OCc2cccc(c2)Oc3ccccc3)OP(=O)(O)OCC(C(=O)O)N
Q9UPC5,8XBI,PWIBLZZVGUIXAU-UHFFFAOYSA-N,agonist,R,KW3,401,43,CCOCC(COC(=O)CCc1ccccc1OCc2cccc(c2)Oc3ccccc3)OP(=O)(O)OCC(C(=O)O)N
O14842,5TZR,CODQKEMYZZKQAE-UHFFFAOYSA-N,agonist,A,MK6,2402,37,Cc1cc(cc(c1c2cccc(c2)COc3cc4c(cn3)C5C(C4)C5C(=O)O)C)OCCCS(=O)(=O)C
O14842,5TZY,CODQKEMYZZKQAE-UHFFFAOYSA-N,agonist,A,MK6,2402,37,Cc1cc(cc(c1c2cccc(c2)COc3cc4c(cn3)C5C(C4)C5C(=O)O)C)OCCCS(=O)(=O)C
P07550,4LDL,CTXHFGIUMIBAFO-UHFFFAOYSA-N,agonist,A,XQC,1401,23,CC(C)(Cc1ccc(cc1)O)NCC(c2ccc(c(c2)O)O)O
P07550,4LDO,UCTWMZQNUQWSLP-UHFFFAOYSA-N,agonist,A,ALE,1402,13,CNCC(c1ccc(c(c1)O)O)O
P08172,3UON,HGMITUYOCPPQLE-UHFFFAOYSA-N,antagonist,A,QNB,1162,25,c1ccc(cc1)C(c2ccccc2)(C(=O)OC3CN4CCC3CC4)O
P11229,5CXV,LERNTVKEWCAPOY-UHFFFAOYSA-N,antagonist,A,0HK,501,26,C[N+]1(C2CC(CC1C3C2O3)OC(=O)C(c4cccs4)(c5cccs5)O)C
P11229,6ZG9,KRRSQJOVDWYKHH-UHFFFAOYSA-N,agonist,A,QK2,1201,24,Cc1cc2c(c(c1)F)NC(=O)N2C3CCN(CC3)C4CCOCC4
P21728,7CKZ,XHCSBQBBGNQINS-UHFFFAOYSA-N,agonist,R,G4C,503,30,CC1c2cccc(c2CC(N1C(=O)Cc3c(cccc3Cl)Cl)CO)CCC(C)(C)O
P21728,7X2F,XHCSBQBBGNQINS-UHFFFAOYSA-N,agonist,F,G4C,502,30,CC1c2cccc(c2CC(N1C(=O)Cc3c(cccc3Cl)Cl)CO)CCC(C)(C)O
P21730,5O9H,ITACCRHKSPSKKL-UHFFFAOYSA-N,agonist,A,9P2,401,43,CCCCn1c(c(nc1c2ccccc2)c3ccccc3)CN(Cc4ccc5c(c4)OCO5)Cc6ccc7c(c6)OCO7
P21730,5O9H,ITACCRHKSPSKKL-UHFFFAOYSA-N,agonist,B,9P2,401,43,CCCCn1c(c(nc1c2ccccc2)c3ccccc3)CN(Cc4ccc5c(c4)OCO5)Cc6ccc7c(c6)OCO7
P21730,6C1Q,ITACCRHKSPSKKL-UHFFFAOYSA-N,antagonist,B,9P2,501,43,CCCCn1c(c(nc1c2ccccc2)c3ccccc3)CN(Cc4ccc5c(c4)OCO5)Cc6ccc7c(c6)OCO7
P23945,8I2G,DNSWBPOFBBWYJX-UHFFFAOYSA-N,agonist,R,O6F,720,33,CCN(C(=O)c1nc(c-2n1CCc3c2cc(c(c3)OC)OC(C)C)c4cccs4)C(C)(C)C
P25106,7SK8,OROWGUJESLHVQL-UHFFFAOYSA-O,agonist,A,GJ9,408,38,Cc1cc2cccnc2c(c1OCCCC(=O)O)N3CCC[NH+](CC3)Cc4csc(n4)N5CCC(CC5)O
P28222,4IAR,XCGSFFUVFURLIX-UHFFFAOYSA-N,agonist,A,ERM,2001,43,CC1(C(=O)N2C(C(=O)N3CCCC3C2(O1)O)Cc4ccccc4)NC(=O)C5CN(C6Cc7c[nH]c8c7c(ccc8)C6=C5)C
P29274,3EML,PWTBZOIUWZOPFT-UHFFFAOYSA-N,antagonist,A,ZMA,401,25,c1cc(oc1)c2nc3nc(nc(n3n2)N)NCCc4ccc(cc4)O
P29274,4EIY,PWTBZOIUWZOPFT-UHFFFAOYSA-N,antagonist,A,ZMA,2401,25,c1cc(oc1)c2nc3nc(nc(n3n2)N)NCCc4ccc(cc4)O
P29274,4UG2,PAOANWZGLPPROA-UHFFFAOYSA-N,agonist,A,NGI,1311,36,CCNC(=O)C1C(C(C(O1)n2cnc3c2nc(nc3N)NCCc4ccc(cc4)CCC(=O)O)O)O
P29274,4UG2,PAOANWZGLPPROA-UHFFFAOYSA-N,agonist,B,NGI,1307,36,CCNC(=O)C1C(C(C(O1)n2cnc3c2nc(nc3N)NCCc4ccc(cc4)CCC(=O)O)O)O
P29274,6ZDV,NVGMNXGIQPMJSN-UHFFFAOYSA-N,antagonist,A,QGW,1201,25,CCCc1cc2c(cc1OC(=O)C)OC(=C(C2=O)c3nc(cs3)C)C
P30988,8F0J,KMAOMYOPEIRFLB-UHFFFAOYSA-N,agonist,P,D6M,101,27,CCCCCCCCCCCCCCCC(=O)NC(CCC(=O)O)C(=O)O
P30988,8F2B,KMAOMYOPEIRFLB-UHFFFAOYSA-N,agonist,P,D6M,101,27,CCCCCCCCCCCCCCCC(=O)NC(CCC(=O)O)C(=O)O
P35462,3PBL,AADCDMQTJNYOSS-UHFFFAOYSA-N,antagonist,A,ETQ,1200,23,CCc1cc(c(c(c1O)C(=O)NCC2CCCN2CC)OC)Cl
P35462,3PBL,AADCDMQTJNYOSS-UHFFFAOYSA-N,antagonist,B,ETQ,1200,23,CCc1cc(c(c(c1O)C(=O)NCC2CCCN2CC)OC)Cl
P41145,4DJH,ZLVXBBHTMQJRSX-UHFFFAOYSA-N,antagonist,A,JDC,1300,34,CC1CN(CCC1(C)c2cccc(c2)O)CC(C(C)C)NC(=O)C3Cc4ccc(cc4CN3)O
P41145,4DJH,ZLVXBBHTMQJRSX-UHFFFAOYSA-N,antagonist,B,JDC,1300,34,CC1CN(CCC1(C)c2cccc(c2)O)CC(C(C)C)NC(=O)C3Cc4ccc(cc4CN3)O
P41146,4EA3,MAKMQGKJURAJEN-UHFFFAOYSA-N,antagonist,A,0NN,1501,32,c1ccc(cc1)CN2CCCC2C(=O)NCCCN3CCC4(CC3)c5ccccc5CO4
P41146,4EA3,MAKMQGKJURAJEN-UHFFFAOYSA-N,antagonist,B,0NN,1501,32,c1ccc(cc1)CN2CCCC2C(=O)NCCCN3CCC4(CC3)c5ccccc5CO4
P41594,7FD8,ASNFTDCKZKHJSW-UHFFFAOYSA-N,agonist,A,QUS,902,13,C(C(C(=O)O)N)N1C(=O)NC(=O)O1
P48546,7RBT,XXBAYVUJUAKTFU-UHFFFAOYSA-N,agonist,R,41Y,501,37,CC1c2ccc(c(c2CCN1C(C)c3ccc(cc3)C(C)C)c4cc(c(c(c4)F)O)NCC(C)C)OC
Q15722,7K15,DJXXSNJFTPBZSH-UHFFFAOYSA-N,antagonist,A,VRJ,2101,35,CC(C)(C)S(=O)(=O)NC(=O)c1ccc(cc1c2ccc3c(c2)OCC(C3O)Cc4ccccn4)F
Q92633,4Z34,PMPFDANPLYTSTM-UHFFFAOYSA-N,antagonist,A,ON7,2001,38,Cc1c(cc(cc1OC)C(C(CC2Cc3ccccc3C2)Cn4cc(c(c4)C(=O)OC)CC(=O)O)O)OC
Q92633,4Z35,URHZQBASTULQKJ-UHFFFAOYSA-N,antagonist,A,ON9,2001,41,CC(=O)c1c(cc(cc1OC)C(C(CC2Cc3ccccc3C2)Cn4cc(c(c4)C(=O)OC)CCC(=O)O)O)OC
Q92633,4Z36,FVESDCZDESZGHA-UHFFFAOYSA-N,antagonist,A,ON3,2000,38,Cc1c(cc(cc1OC)C(C(COc2ccc(cc2)C3(CC3)C(=O)O)OC4Cc5ccccc5C4)O)OC
Q99835,4N4W,FOORCIAZMIWALX-UHFFFAOYSA-N,agonist,A,SNT,605,28,Cc1c(c(n(n1)c2ccccc2)C)C=NN3CCN(CC3)Cc4ccccc4
Q99835,7ZI0,VFSUUTYAEQOIMW-UHFFFAOYSA-N,agonist,A,V0S,701,34,CNC1CCC(CC1)N(Cc2cccc(c2)c3ccncc3)C(=O)c4c(c5ccccc5s4)Cl
Q99835,7ZI0,VFSUUTYAEQOIMW-UHFFFAOYSA-N,agonist,B,V0S,701,34,CNC1CCC(CC1)N(Cc2cccc(c2)c3ccncc3)C(=O)c4c(c5ccccc5s4)Cl
Q9BXC1,8IZB,WRGQSWVCFNIUNZ-UHFFFAOYSA-N,agonist,R,UBL,501,29,CCCCCCCCC=CCCCCCCCC(=O)OCC(COP(=O)(O)O)O
Q9UPC5,8WRB,WRGQSWVCFNIUNZ-UHFFFAOYSA-N,agonist,R,UBL,603,29,CCCCCCCCC=CCCCCCCCC(=O)OCC(COP(=O)(O)O)O
